2026-03-08 00:00:00.940 [http-nio-8080-exec-6] INFO  com.flora.ai.ecommerce.aspect.ApiOperationLogAspect - ====== 请求开始: [查询历史对话], 入参: {"current":1,"size":20}, 请求类: ChatController, 请求方法: findChatHistoryPageList =================================== 
2026-03-08 00:00:01.020 [http-nio-8080-exec-6] INFO  com.flora.ai.ecommerce.aspect.ApiOperationLogAspect - ====== 请求结束: [查询历史对话], 耗时: 80ms, 出参: {"success":true,"message":null,"errorCode":null,"data":[{"id":3,"uuid":"7d75a16e-8acd-43c3-80f2-81faa1afae48","summary":"你好，你是哪家的模型？","updateTime":"2026-02-23 03:11:49"},{"id":2,"uuid":"dacec278-25fa-49d2-a1b4-34f34dbd9644","summary":"你好","updateTime":"2026-02-23 03:04:44"}],"total":2,"size":20,"current":1,"pages":1} =================================== 
2026-03-08 00:00:11.521 [http-nio-8080-exec-8] INFO  com.flora.ai.ecommerce.aspect.ApiOperationLogAspect - ====== 请求开始: [查询历史对话], 入参: {"current":1,"size":20}, 请求类: ChatController, 请求方法: findChatHistoryPageList =================================== 
2026-03-08 00:00:11.521 [http-nio-8080-exec-7] INFO  com.flora.ai.ecommerce.aspect.ApiOperationLogAspect - ====== 请求开始: [查询对话历史消息], 入参: {"current":1,"size":10,"chatId":"7d75a16e-8acd-43c3-80f2-81faa1afae48"}, 请求类: ChatController, 请求方法: findChatMessagePageList =================================== 
2026-03-08 00:00:11.527 [http-nio-8080-exec-8] INFO  com.flora.ai.ecommerce.aspect.ApiOperationLogAspect - ====== 请求结束: [查询历史对话], 耗时: 5ms, 出参: {"success":true,"message":null,"errorCode":null,"data":[{"id":3,"uuid":"7d75a16e-8acd-43c3-80f2-81faa1afae48","summary":"你好，你是哪家的模型？","updateTime":"2026-02-23 03:11:49"},{"id":2,"uuid":"dacec278-25fa-49d2-a1b4-34f34dbd9644","summary":"你好","updateTime":"2026-02-23 03:04:44"}],"total":2,"size":20,"current":1,"pages":1} =================================== 
2026-03-08 00:00:11.527 [http-nio-8080-exec-7] INFO  com.flora.ai.ecommerce.aspect.ApiOperationLogAspect - ====== 请求结束: [查询对话历史消息], 耗时: 6ms, 出参: {"success":true,"message":null,"errorCode":null,"data":[{"id":31,"chatId":"7d75a16e-8acd-43c3-80f2-81faa1afae48","content":"你好，你是哪家的模型？","role":"user","createTime":"2026-02-23 03:11:54"},{"id":32,"chatId":"7d75a16e-8acd-43c3-80f2-81faa1afae48","content":"你好！我是 **Qwen3.5**，由 **通义实验室** 研发的超大规模语言模型，隶属于 **阿里巴巴集团**。我是通义千问系列（Qwen）的最新版本之一，专注于提供高质量的语言理解、逻辑推理、代码生成及多模态处理能力。如果你有任何问题或需要帮助，欢迎随时告诉我！ 😊","role":"assistant","createTime":"2026-02-23 03:11:54"}],"total":2,"size":10,"current":1,"pages":1} =================================== 
2026-03-08 00:00:12.751 [http-nio-8080-exec-9] INFO  com.flora.ai.ecommerce.aspect.ApiOperationLogAspect - ====== 请求开始: [查询历史对话], 入参: {"current":1,"size":20}, 请求类: ChatController, 请求方法: findChatHistoryPageList =================================== 
2026-03-08 00:00:12.757 [http-nio-8080-exec-9] INFO  com.flora.ai.ecommerce.aspect.ApiOperationLogAspect - ====== 请求结束: [查询历史对话], 耗时: 7ms, 出参: {"success":true,"message":null,"errorCode":null,"data":[{"id":3,"uuid":"7d75a16e-8acd-43c3-80f2-81faa1afae48","summary":"你好，你是哪家的模型？","updateTime":"2026-02-23 03:11:49"},{"id":2,"uuid":"dacec278-25fa-49d2-a1b4-34f34dbd9644","summary":"你好","updateTime":"2026-02-23 03:04:44"}],"total":2,"size":20,"current":1,"pages":1} =================================== 
2026-03-08 00:00:27.765 [http-nio-8080-exec-10] INFO  com.flora.ai.ecommerce.aspect.ApiOperationLogAspect - ====== 请求开始: [查询历史对话], 入参: {"current":1,"size":20}, 请求类: ChatController, 请求方法: findChatHistoryPageList =================================== 
2026-03-08 00:00:27.765 [http-nio-8080-exec-1] INFO  com.flora.ai.ecommerce.aspect.ApiOperationLogAspect - ====== 请求开始: [查询对话历史消息], 入参: {"current":1,"size":10,"chatId":"7d75a16e-8acd-43c3-80f2-81faa1afae48"}, 请求类: ChatController, 请求方法: findChatMessagePageList =================================== 
2026-03-08 00:00:27.770 [http-nio-8080-exec-10] INFO  com.flora.ai.ecommerce.aspect.ApiOperationLogAspect - ====== 请求结束: [查询历史对话], 耗时: 6ms, 出参: {"success":true,"message":null,"errorCode":null,"data":[{"id":3,"uuid":"7d75a16e-8acd-43c3-80f2-81faa1afae48","summary":"你好，你是哪家的模型？","updateTime":"2026-02-23 03:11:49"},{"id":2,"uuid":"dacec278-25fa-49d2-a1b4-34f34dbd9644","summary":"你好","updateTime":"2026-02-23 03:04:44"}],"total":2,"size":20,"current":1,"pages":1} =================================== 
2026-03-08 00:00:27.772 [http-nio-8080-exec-1] INFO  com.flora.ai.ecommerce.aspect.ApiOperationLogAspect - ====== 请求结束: [查询对话历史消息], 耗时: 7ms, 出参: {"success":true,"message":null,"errorCode":null,"data":[{"id":31,"chatId":"7d75a16e-8acd-43c3-80f2-81faa1afae48","content":"你好，你是哪家的模型？","role":"user","createTime":"2026-02-23 03:11:54"},{"id":32,"chatId":"7d75a16e-8acd-43c3-80f2-81faa1afae48","content":"你好！我是 **Qwen3.5**，由 **通义实验室** 研发的超大规模语言模型，隶属于 **阿里巴巴集团**。我是通义千问系列（Qwen）的最新版本之一，专注于提供高质量的语言理解、逻辑推理、代码生成及多模态处理能力。如果你有任何问题或需要帮助，欢迎随时告诉我！ 😊","role":"assistant","createTime":"2026-02-23 03:11:54"}],"total":2,"size":10,"current":1,"pages":1} =================================== 
2026-03-08 00:00:31.048 [http-nio-8080-exec-2] INFO  com.flora.ai.ecommerce.aspect.ApiOperationLogAspect - ====== 请求开始: [查询历史对话], 入参: {"current":1,"size":20}, 请求类: ChatController, 请求方法: findChatHistoryPageList =================================== 
2026-03-08 00:00:31.048 [http-nio-8080-exec-5] INFO  com.flora.ai.ecommerce.aspect.ApiOperationLogAspect - ====== 请求开始: [查询对话历史消息], 入参: {"current":1,"size":10,"chatId":"7d75a16e-8acd-43c3-80f2-81faa1afae48"}, 请求类: ChatController, 请求方法: findChatMessagePageList =================================== 
2026-03-08 00:00:31.057 [http-nio-8080-exec-2] INFO  com.flora.ai.ecommerce.aspect.ApiOperationLogAspect - ====== 请求结束: [查询历史对话], 耗时: 9ms, 出参: {"success":true,"message":null,"errorCode":null,"data":[{"id":3,"uuid":"7d75a16e-8acd-43c3-80f2-81faa1afae48","summary":"你好，你是哪家的模型？","updateTime":"2026-02-23 03:11:49"},{"id":2,"uuid":"dacec278-25fa-49d2-a1b4-34f34dbd9644","summary":"你好","updateTime":"2026-02-23 03:04:44"}],"total":2,"size":20,"current":1,"pages":1} =================================== 
2026-03-08 00:00:31.057 [http-nio-8080-exec-5] INFO  com.flora.ai.ecommerce.aspect.ApiOperationLogAspect - ====== 请求结束: [查询对话历史消息], 耗时: 9ms, 出参: {"success":true,"message":null,"errorCode":null,"data":[{"id":31,"chatId":"7d75a16e-8acd-43c3-80f2-81faa1afae48","content":"你好，你是哪家的模型？","role":"user","createTime":"2026-02-23 03:11:54"},{"id":32,"chatId":"7d75a16e-8acd-43c3-80f2-81faa1afae48","content":"你好！我是 **Qwen3.5**，由 **通义实验室** 研发的超大规模语言模型，隶属于 **阿里巴巴集团**。我是通义千问系列（Qwen）的最新版本之一，专注于提供高质量的语言理解、逻辑推理、代码生成及多模态处理能力。如果你有任何问题或需要帮助，欢迎随时告诉我！ 😊","role":"assistant","createTime":"2026-02-23 03:11:54"}],"total":2,"size":10,"current":1,"pages":1} =================================== 
2026-03-08 00:00:32.842 [http-nio-8080-exec-3] INFO  com.flora.ai.ecommerce.aspect.ApiOperationLogAspect - ====== 请求开始: [查询历史对话], 入参: {"current":1,"size":20}, 请求类: ChatController, 请求方法: findChatHistoryPageList =================================== 
2026-03-08 00:00:32.849 [http-nio-8080-exec-3] INFO  com.flora.ai.ecommerce.aspect.ApiOperationLogAspect - ====== 请求结束: [查询历史对话], 耗时: 7ms, 出参: {"success":true,"message":null,"errorCode":null,"data":[{"id":3,"uuid":"7d75a16e-8acd-43c3-80f2-81faa1afae48","summary":"你好，你是哪家的模型？","updateTime":"2026-02-23 03:11:49"},{"id":2,"uuid":"dacec278-25fa-49d2-a1b4-34f34dbd9644","summary":"你好","updateTime":"2026-02-23 03:04:44"}],"total":2,"size":20,"current":1,"pages":1} =================================== 
2026-03-08 00:00:55.945 [http-nio-8080-exec-4] INFO  com.flora.ai.ecommerce.aspect.ApiOperationLogAspect - ====== 请求开始: [查询历史对话], 入参: {"current":1,"size":20}, 请求类: ChatController, 请求方法: findChatHistoryPageList =================================== 
2026-03-08 00:00:55.945 [http-nio-8080-exec-6] INFO  com.flora.ai.ecommerce.aspect.ApiOperationLogAspect - ====== 请求开始: [查询对话历史消息], 入参: {"current":1,"size":10,"chatId":"7d75a16e-8acd-43c3-80f2-81faa1afae48"}, 请求类: ChatController, 请求方法: findChatMessagePageList =================================== 
2026-03-08 00:00:55.953 [http-nio-8080-exec-4] INFO  com.flora.ai.ecommerce.aspect.ApiOperationLogAspect - ====== 请求结束: [查询历史对话], 耗时: 8ms, 出参: {"success":true,"message":null,"errorCode":null,"data":[{"id":3,"uuid":"7d75a16e-8acd-43c3-80f2-81faa1afae48","summary":"你好，你是哪家的模型？","updateTime":"2026-02-23 03:11:49"},{"id":2,"uuid":"dacec278-25fa-49d2-a1b4-34f34dbd9644","summary":"你好","updateTime":"2026-02-23 03:04:44"}],"total":2,"size":20,"current":1,"pages":1} =================================== 
2026-03-08 00:00:55.953 [http-nio-8080-exec-6] INFO  com.flora.ai.ecommerce.aspect.ApiOperationLogAspect - ====== 请求结束: [查询对话历史消息], 耗时: 8ms, 出参: {"success":true,"message":null,"errorCode":null,"data":[{"id":31,"chatId":"7d75a16e-8acd-43c3-80f2-81faa1afae48","content":"你好，你是哪家的模型？","role":"user","createTime":"2026-02-23 03:11:54"},{"id":32,"chatId":"7d75a16e-8acd-43c3-80f2-81faa1afae48","content":"你好！我是 **Qwen3.5**，由 **通义实验室** 研发的超大规模语言模型，隶属于 **阿里巴巴集团**。我是通义千问系列（Qwen）的最新版本之一，专注于提供高质量的语言理解、逻辑推理、代码生成及多模态处理能力。如果你有任何问题或需要帮助，欢迎随时告诉我！ 😊","role":"assistant","createTime":"2026-02-23 03:11:54"}],"total":2,"size":10,"current":1,"pages":1} =================================== 
2026-03-08 00:01:01.643 [http-nio-8080-exec-7] INFO  com.flora.ai.ecommerce.aspect.ApiOperationLogAspect - ====== 请求开始: [查询历史对话], 入参: {"current":1,"size":20}, 请求类: ChatController, 请求方法: findChatHistoryPageList =================================== 
2026-03-08 00:01:01.650 [http-nio-8080-exec-7] INFO  com.flora.ai.ecommerce.aspect.ApiOperationLogAspect - ====== 请求结束: [查询历史对话], 耗时: 7ms, 出参: {"success":true,"message":null,"errorCode":null,"data":[{"id":3,"uuid":"7d75a16e-8acd-43c3-80f2-81faa1afae48","summary":"你好，你是哪家的模型？","updateTime":"2026-02-23 03:11:49"},{"id":2,"uuid":"dacec278-25fa-49d2-a1b4-34f34dbd9644","summary":"你好","updateTime":"2026-02-23 03:04:44"}],"total":2,"size":20,"current":1,"pages":1} =================================== 
2026-03-08 00:01:08.138 [http-nio-8080-exec-8] INFO  com.flora.ai.ecommerce.aspect.ApiOperationLogAspect - ====== 请求开始: [查询历史对话], 入参: {"current":1,"size":20}, 请求类: ChatController, 请求方法: findChatHistoryPageList =================================== 
2026-03-08 00:01:08.139 [http-nio-8080-exec-9] INFO  com.flora.ai.ecommerce.aspect.ApiOperationLogAspect - ====== 请求开始: [查询对话历史消息], 入参: {"current":1,"size":10,"chatId":"7d75a16e-8acd-43c3-80f2-81faa1afae48"}, 请求类: ChatController, 请求方法: findChatMessagePageList =================================== 
2026-03-08 00:01:08.144 [http-nio-8080-exec-8] INFO  com.flora.ai.ecommerce.aspect.ApiOperationLogAspect - ====== 请求结束: [查询历史对话], 耗时: 6ms, 出参: {"success":true,"message":null,"errorCode":null,"data":[{"id":3,"uuid":"7d75a16e-8acd-43c3-80f2-81faa1afae48","summary":"你好，你是哪家的模型？","updateTime":"2026-02-23 03:11:49"},{"id":2,"uuid":"dacec278-25fa-49d2-a1b4-34f34dbd9644","summary":"你好","updateTime":"2026-02-23 03:04:44"}],"total":2,"size":20,"current":1,"pages":1} =================================== 
2026-03-08 00:01:08.145 [http-nio-8080-exec-9] INFO  com.flora.ai.ecommerce.aspect.ApiOperationLogAspect - ====== 请求结束: [查询对话历史消息], 耗时: 6ms, 出参: {"success":true,"message":null,"errorCode":null,"data":[{"id":31,"chatId":"7d75a16e-8acd-43c3-80f2-81faa1afae48","content":"你好，你是哪家的模型？","role":"user","createTime":"2026-02-23 03:11:54"},{"id":32,"chatId":"7d75a16e-8acd-43c3-80f2-81faa1afae48","content":"你好！我是 **Qwen3.5**，由 **通义实验室** 研发的超大规模语言模型，隶属于 **阿里巴巴集团**。我是通义千问系列（Qwen）的最新版本之一，专注于提供高质量的语言理解、逻辑推理、代码生成及多模态处理能力。如果你有任何问题或需要帮助，欢迎随时告诉我！ 😊","role":"assistant","createTime":"2026-02-23 03:11:54"}],"total":2,"size":10,"current":1,"pages":1} =================================== 
2026-03-08 00:01:38.954 [http-nio-8080-exec-10] INFO  com.flora.ai.ecommerce.aspect.ApiOperationLogAspect - ====== 请求开始: [查询对话历史消息], 入参: {"current":1,"size":10,"chatId":"dacec278-25fa-49d2-a1b4-34f34dbd9644"}, 请求类: ChatController, 请求方法: findChatMessagePageList =================================== 
2026-03-08 00:01:38.960 [http-nio-8080-exec-10] INFO  com.flora.ai.ecommerce.aspect.ApiOperationLogAspect - ====== 请求结束: [查询对话历史消息], 耗时: 6ms, 出参: {"success":true,"message":null,"errorCode":null,"data":[{"id":29,"chatId":"dacec278-25fa-49d2-a1b4-34f34dbd9644","content":"你是哪家模型？","role":"user","createTime":"2026-02-23 03:05:39"},{"id":30,"chatId":"dacec278-25fa-49d2-a1b4-34f34dbd9644","content":"我是 Qwen3.5，是通义实验室研发的通义千问系列大语言模型的最新版本。我由阿里巴巴集团旗下的通义实验室自主研发，专注于提供高效、精准的多语言理解和生成能力，支持复杂任务处理与专业领域应用。如果您有任何具体问题或需要帮助，欢迎随时告诉我！","role":"assistant","createTime":"2026-02-23 03:05:39"}],"total":2,"size":10,"current":1,"pages":1} =================================== 
2026-03-08 00:01:40.177 [http-nio-8080-exec-1] INFO  com.flora.ai.ecommerce.aspect.ApiOperationLogAspect - ====== 请求开始: [查询对话历史消息], 入参: {"current":1,"size":10,"chatId":"7d75a16e-8acd-43c3-80f2-81faa1afae48"}, 请求类: ChatController, 请求方法: findChatMessagePageList =================================== 
2026-03-08 00:01:40.184 [http-nio-8080-exec-1] INFO  com.flora.ai.ecommerce.aspect.ApiOperationLogAspect - ====== 请求结束: [查询对话历史消息], 耗时: 7ms, 出参: {"success":true,"message":null,"errorCode":null,"data":[{"id":31,"chatId":"7d75a16e-8acd-43c3-80f2-81faa1afae48","content":"你好，你是哪家的模型？","role":"user","createTime":"2026-02-23 03:11:54"},{"id":32,"chatId":"7d75a16e-8acd-43c3-80f2-81faa1afae48","content":"你好！我是 **Qwen3.5**，由 **通义实验室** 研发的超大规模语言模型，隶属于 **阿里巴巴集团**。我是通义千问系列（Qwen）的最新版本之一，专注于提供高质量的语言理解、逻辑推理、代码生成及多模态处理能力。如果你有任何问题或需要帮助，欢迎随时告诉我！ 😊","role":"assistant","createTime":"2026-02-23 03:11:54"}],"total":2,"size":10,"current":1,"pages":1} =================================== 
2026-03-08 00:01:58.493 [http-nio-8080-exec-2] INFO  com.flora.ai.ecommerce.aspect.ApiOperationLogAspect - ====== 请求开始: [查询对话历史消息], 入参: {"current":1,"size":10,"chatId":"dacec278-25fa-49d2-a1b4-34f34dbd9644"}, 请求类: ChatController, 请求方法: findChatMessagePageList =================================== 
2026-03-08 00:01:58.499 [http-nio-8080-exec-2] INFO  com.flora.ai.ecommerce.aspect.ApiOperationLogAspect - ====== 请求结束: [查询对话历史消息], 耗时: 6ms, 出参: {"success":true,"message":null,"errorCode":null,"data":[{"id":29,"chatId":"dacec278-25fa-49d2-a1b4-34f34dbd9644","content":"你是哪家模型？","role":"user","createTime":"2026-02-23 03:05:39"},{"id":30,"chatId":"dacec278-25fa-49d2-a1b4-34f34dbd9644","content":"我是 Qwen3.5，是通义实验室研发的通义千问系列大语言模型的最新版本。我由阿里巴巴集团旗下的通义实验室自主研发，专注于提供高效、精准的多语言理解和生成能力，支持复杂任务处理与专业领域应用。如果您有任何具体问题或需要帮助，欢迎随时告诉我！","role":"assistant","createTime":"2026-02-23 03:05:39"}],"total":2,"size":10,"current":1,"pages":1} =================================== 
2026-03-08 00:01:59.917 [http-nio-8080-exec-5] INFO  com.flora.ai.ecommerce.aspect.ApiOperationLogAspect - ====== 请求开始: [查询历史对话], 入参: {"current":1,"size":20}, 请求类: ChatController, 请求方法: findChatHistoryPageList =================================== 
2026-03-08 00:01:59.923 [http-nio-8080-exec-5] INFO  com.flora.ai.ecommerce.aspect.ApiOperationLogAspect - ====== 请求结束: [查询历史对话], 耗时: 6ms, 出参: {"success":true,"message":null,"errorCode":null,"data":[{"id":3,"uuid":"7d75a16e-8acd-43c3-80f2-81faa1afae48","summary":"你好，你是哪家的模型？","updateTime":"2026-02-23 03:11:49"},{"id":2,"uuid":"dacec278-25fa-49d2-a1b4-34f34dbd9644","summary":"你好","updateTime":"2026-02-23 03:04:44"}],"total":2,"size":20,"current":1,"pages":1} =================================== 
2026-03-08 00:02:02.984 [http-nio-8080-exec-4] INFO  com.flora.ai.ecommerce.aspect.ApiOperationLogAspect - ====== 请求开始: [查询对话历史消息], 入参: {"current":1,"size":10,"chatId":"7d75a16e-8acd-43c3-80f2-81faa1afae48"}, 请求类: ChatController, 请求方法: findChatMessagePageList =================================== 
2026-03-08 00:02:02.984 [http-nio-8080-exec-3] INFO  com.flora.ai.ecommerce.aspect.ApiOperationLogAspect - ====== 请求开始: [查询历史对话], 入参: {"current":1,"size":20}, 请求类: ChatController, 请求方法: findChatHistoryPageList =================================== 
2026-03-08 00:02:02.989 [http-nio-8080-exec-3] INFO  com.flora.ai.ecommerce.aspect.ApiOperationLogAspect - ====== 请求结束: [查询历史对话], 耗时: 5ms, 出参: {"success":true,"message":null,"errorCode":null,"data":[{"id":3,"uuid":"7d75a16e-8acd-43c3-80f2-81faa1afae48","summary":"你好，你是哪家的模型？","updateTime":"2026-02-23 03:11:49"},{"id":2,"uuid":"dacec278-25fa-49d2-a1b4-34f34dbd9644","summary":"你好","updateTime":"2026-02-23 03:04:44"}],"total":2,"size":20,"current":1,"pages":1} =================================== 
2026-03-08 00:02:02.989 [http-nio-8080-exec-4] INFO  com.flora.ai.ecommerce.aspect.ApiOperationLogAspect - ====== 请求结束: [查询对话历史消息], 耗时: 5ms, 出参: {"success":true,"message":null,"errorCode":null,"data":[{"id":31,"chatId":"7d75a16e-8acd-43c3-80f2-81faa1afae48","content":"你好，你是哪家的模型？","role":"user","createTime":"2026-02-23 03:11:54"},{"id":32,"chatId":"7d75a16e-8acd-43c3-80f2-81faa1afae48","content":"你好！我是 **Qwen3.5**，由 **通义实验室** 研发的超大规模语言模型，隶属于 **阿里巴巴集团**。我是通义千问系列（Qwen）的最新版本之一，专注于提供高质量的语言理解、逻辑推理、代码生成及多模态处理能力。如果你有任何问题或需要帮助，欢迎随时告诉我！ 😊","role":"assistant","createTime":"2026-02-23 03:11:54"}],"total":2,"size":10,"current":1,"pages":1} =================================== 
2026-03-08 00:02:03.245 [http-nio-8080-exec-6] INFO  com.flora.ai.ecommerce.aspect.ApiOperationLogAspect - ====== 请求开始: [查询对话历史消息], 入参: {"current":1,"size":10,"chatId":"dacec278-25fa-49d2-a1b4-34f34dbd9644"}, 请求类: ChatController, 请求方法: findChatMessagePageList =================================== 
2026-03-08 00:02:03.250 [http-nio-8080-exec-6] INFO  com.flora.ai.ecommerce.aspect.ApiOperationLogAspect - ====== 请求结束: [查询对话历史消息], 耗时: 6ms, 出参: {"success":true,"message":null,"errorCode":null,"data":[{"id":29,"chatId":"dacec278-25fa-49d2-a1b4-34f34dbd9644","content":"你是哪家模型？","role":"user","createTime":"2026-02-23 03:05:39"},{"id":30,"chatId":"dacec278-25fa-49d2-a1b4-34f34dbd9644","content":"我是 Qwen3.5，是通义实验室研发的通义千问系列大语言模型的最新版本。我由阿里巴巴集团旗下的通义实验室自主研发，专注于提供高效、精准的多语言理解和生成能力，支持复杂任务处理与专业领域应用。如果您有任何具体问题或需要帮助，欢迎随时告诉我！","role":"assistant","createTime":"2026-02-23 03:05:39"}],"total":2,"size":10,"current":1,"pages":1} =================================== 
2026-03-08 00:02:04.335 [http-nio-8080-exec-7] INFO  com.flora.ai.ecommerce.aspect.ApiOperationLogAspect - ====== 请求开始: [查询对话历史消息], 入参: {"current":1,"size":10,"chatId":"7d75a16e-8acd-43c3-80f2-81faa1afae48"}, 请求类: ChatController, 请求方法: findChatMessagePageList =================================== 
2026-03-08 00:02:04.342 [http-nio-8080-exec-7] INFO  com.flora.ai.ecommerce.aspect.ApiOperationLogAspect - ====== 请求结束: [查询对话历史消息], 耗时: 7ms, 出参: {"success":true,"message":null,"errorCode":null,"data":[{"id":31,"chatId":"7d75a16e-8acd-43c3-80f2-81faa1afae48","content":"你好，你是哪家的模型？","role":"user","createTime":"2026-02-23 03:11:54"},{"id":32,"chatId":"7d75a16e-8acd-43c3-80f2-81faa1afae48","content":"你好！我是 **Qwen3.5**，由 **通义实验室** 研发的超大规模语言模型，隶属于 **阿里巴巴集团**。我是通义千问系列（Qwen）的最新版本之一，专注于提供高质量的语言理解、逻辑推理、代码生成及多模态处理能力。如果你有任何问题或需要帮助，欢迎随时告诉我！ 😊","role":"assistant","createTime":"2026-02-23 03:11:54"}],"total":2,"size":10,"current":1,"pages":1} =================================== 
2026-03-08 00:02:07.128 [http-nio-8080-exec-8] INFO  com.flora.ai.ecommerce.aspect.ApiOperationLogAspect - ====== 请求开始: [查询历史对话], 入参: {"current":1,"size":20}, 请求类: ChatController, 请求方法: findChatHistoryPageList =================================== 
2026-03-08 00:02:07.134 [http-nio-8080-exec-8] INFO  com.flora.ai.ecommerce.aspect.ApiOperationLogAspect - ====== 请求结束: [查询历史对话], 耗时: 6ms, 出参: {"success":true,"message":null,"errorCode":null,"data":[{"id":3,"uuid":"7d75a16e-8acd-43c3-80f2-81faa1afae48","summary":"你好，你是哪家的模型？","updateTime":"2026-02-23 03:11:49"},{"id":2,"uuid":"dacec278-25fa-49d2-a1b4-34f34dbd9644","summary":"你好","updateTime":"2026-02-23 03:04:44"}],"total":2,"size":20,"current":1,"pages":1} =================================== 
2026-03-08 00:02:21.502 [http-nio-8080-exec-9] INFO  com.flora.ai.ecommerce.aspect.ApiOperationLogAspect - ====== 请求开始: [新建对话], 入参: {"message":"哪种洗面奶适合出油多的肤质？"}, 请求类: ChatController, 请求方法: newChat =================================== 
2026-03-08 00:02:21.581 [http-nio-8080-exec-9] INFO  com.flora.ai.ecommerce.aspect.ApiOperationLogAspect - ====== 请求结束: [新建对话], 耗时: 75ms, 出参: {"success":true,"message":null,"errorCode":null,"data":{"summary":"哪种洗面奶适合出油多的肤质？","uuid":"47432b63-43e4-4a8a-a933-821fa4418757"}} =================================== 
2026-03-08 00:02:21.644 [http-nio-8080-exec-1] INFO  com.flora.ai.ecommerce.aspect.ApiOperationLogAspect - ====== 请求开始: [流式对话], 入参: {"message":"哪种洗面奶适合出油多的肤质？","chatId":"47432b63-43e4-4a8a-a933-821fa4418757","networkSearch":false,"modelName":"qwen3.5-plus","temperature":0.7}, 请求类: ChatController, 请求方法: chat =================================== 
2026-03-08 00:02:21.757 [http-nio-8080-exec-1] INFO  com.flora.ai.ecommerce.aspect.ApiOperationLogAspect - ====== 请求结束: [流式对话], 耗时: 74ms, 出参: {"scanAvailable":true,"prefetch":-1} =================================== 
2026-03-08 00:02:21.802 [http-nio-8080-exec-1] INFO  com.flora.ai.ecommerce.advisor.CustomChatMemoryAdvisor - ## 自定义聊天记忆 Advisor
2026-03-08 00:02:21.908 [http-nio-8080-exec-2] INFO  com.flora.ai.ecommerce.aspect.ApiOperationLogAspect - ====== 请求开始: [查询历史对话], 入参: {"current":1,"size":20}, 请求类: ChatController, 请求方法: findChatHistoryPageList =================================== 
2026-03-08 00:02:21.911 [http-nio-8080-exec-5] INFO  com.flora.ai.ecommerce.aspect.ApiOperationLogAspect - ====== 请求开始: [查询对话历史消息], 入参: {"current":1,"size":10,"chatId":"47432b63-43e4-4a8a-a933-821fa4418757"}, 请求类: ChatController, 请求方法: findChatMessagePageList =================================== 
2026-03-08 00:02:21.915 [http-nio-8080-exec-5] INFO  com.flora.ai.ecommerce.aspect.ApiOperationLogAspect - ====== 请求结束: [查询对话历史消息], 耗时: 4ms, 出参: {"success":true,"message":null,"errorCode":null,"data":null,"total":0,"size":10,"current":1,"pages":0} =================================== 
2026-03-08 00:02:21.915 [http-nio-8080-exec-2] INFO  com.flora.ai.ecommerce.aspect.ApiOperationLogAspect - ====== 请求结束: [查询历史对话], 耗时: 7ms, 出参: {"success":true,"message":null,"errorCode":null,"data":[{"id":4,"uuid":"47432b63-43e4-4a8a-a933-821fa4418757","summary":"哪种洗面奶适合出油多的肤质？","updateTime":"2026-03-08 00:02:21"},{"id":3,"uuid":"7d75a16e-8acd-43c3-80f2-81faa1afae48","summary":"你好，你是哪家的模型？","updateTime":"2026-02-23 03:11:49"},{"id":2,"uuid":"dacec278-25fa-49d2-a1b4-34f34dbd9644","summary":"你好","updateTime":"2026-02-23 03:04:44"}],"total":3,"size":20,"current":1,"pages":1} =================================== 
2026-03-08 00:02:23.859 [boundedElastic-1] INFO  com.flora.ai.ecommerce.advisor.CustomStreamLoggerAndMessage2DBAdvisor - ## chunk: null
2026-03-08 00:02:23.859 [boundedElastic-1] INFO  com.flora.ai.ecommerce.advisor.CustomStreamLoggerAndMessage2DBAdvisor - ## chunk: null
2026-03-08 00:02:23.896 [boundedElastic-1] INFO  com.flora.ai.ecommerce.advisor.CustomStreamLoggerAndMessage2DBAdvisor - ## chunk: null
2026-03-08 00:02:23.898 [boundedElastic-1] INFO  com.flora.ai.ecommerce.advisor.CustomStreamLoggerAndMessage2DBAdvisor - ## chunk: null
2026-03-08 00:02:23.989 [boundedElastic-1] INFO  com.flora.ai.ecommerce.advisor.CustomStreamLoggerAndMessage2DBAdvisor - ## chunk: null
2026-03-08 00:02:23.994 [boundedElastic-1] INFO  com.flora.ai.ecommerce.advisor.CustomStreamLoggerAndMessage2DBAdvisor - ## chunk: null
2026-03-08 00:02:24.089 [boundedElastic-1] INFO  com.flora.ai.ecommerce.advisor.CustomStreamLoggerAndMessage2DBAdvisor - ## chunk: null
2026-03-08 00:02:24.094 [boundedElastic-1] INFO  com.flora.ai.ecommerce.advisor.CustomStreamLoggerAndMessage2DBAdvisor - ## chunk: null
2026-03-08 00:02:24.188 [boundedElastic-1] INFO  com.flora.ai.ecommerce.advisor.CustomStreamLoggerAndMessage2DBAdvisor - ## chunk: null
2026-03-08 00:02:24.193 [boundedElastic-1] INFO  com.flora.ai.ecommerce.advisor.CustomStreamLoggerAndMessage2DBAdvisor - ## chunk: null
2026-03-08 00:02:24.282 [boundedElastic-1] INFO  com.flora.ai.ecommerce.advisor.CustomStreamLoggerAndMessage2DBAdvisor - ## chunk: null
2026-03-08 00:02:24.285 [boundedElastic-1] INFO  com.flora.ai.ecommerce.advisor.CustomStreamLoggerAndMessage2DBAdvisor - ## chunk: null
2026-03-08 00:02:24.380 [boundedElastic-1] INFO  com.flora.ai.ecommerce.advisor.CustomStreamLoggerAndMessage2DBAdvisor - ## chunk: null
2026-03-08 00:02:24.385 [boundedElastic-1] INFO  com.flora.ai.ecommerce.advisor.CustomStreamLoggerAndMessage2DBAdvisor - ## chunk: null
2026-03-08 00:02:24.473 [boundedElastic-1] INFO  com.flora.ai.ecommerce.advisor.CustomStreamLoggerAndMessage2DBAdvisor - ## chunk: null
2026-03-08 00:02:24.488 [boundedElastic-1] INFO  com.flora.ai.ecommerce.advisor.CustomStreamLoggerAndMessage2DBAdvisor - ## chunk: null
2026-03-08 00:02:24.571 [boundedElastic-1] INFO  com.flora.ai.ecommerce.advisor.CustomStreamLoggerAndMessage2DBAdvisor - ## chunk: null
2026-03-08 00:02:24.577 [boundedElastic-1] INFO  com.flora.ai.ecommerce.advisor.CustomStreamLoggerAndMessage2DBAdvisor - ## chunk: null
2026-03-08 00:02:24.699 [boundedElastic-1] INFO  com.flora.ai.ecommerce.advisor.CustomStreamLoggerAndMessage2DBAdvisor - ## chunk: null
2026-03-08 00:02:24.700 [boundedElastic-1] INFO  com.flora.ai.ecommerce.advisor.CustomStreamLoggerAndMessage2DBAdvisor - ## chunk: null
2026-03-08 00:02:24.812 [boundedElastic-1] INFO  com.flora.ai.ecommerce.advisor.CustomStreamLoggerAndMessage2DBAdvisor - ## chunk: null
2026-03-08 00:02:24.815 [boundedElastic-1] INFO  com.flora.ai.ecommerce.advisor.CustomStreamLoggerAndMessage2DBAdvisor - ## chunk: null
2026-03-08 00:02:24.913 [boundedElastic-1] INFO  com.flora.ai.ecommerce.advisor.CustomStreamLoggerAndMessage2DBAdvisor - ## chunk: null
2026-03-08 00:02:24.918 [boundedElastic-1] INFO  com.flora.ai.ecommerce.advisor.CustomStreamLoggerAndMessage2DBAdvisor - ## chunk: null
2026-03-08 00:02:25.042 [boundedElastic-1] INFO  com.flora.ai.ecommerce.advisor.CustomStreamLoggerAndMessage2DBAdvisor - ## chunk: null
2026-03-08 00:02:25.047 [boundedElastic-1] INFO  com.flora.ai.ecommerce.advisor.CustomStreamLoggerAndMessage2DBAdvisor - ## chunk: null
2026-03-08 00:02:25.111 [boundedElastic-1] INFO  com.flora.ai.ecommerce.advisor.CustomStreamLoggerAndMessage2DBAdvisor - ## chunk: null
2026-03-08 00:02:25.115 [boundedElastic-1] INFO  com.flora.ai.ecommerce.advisor.CustomStreamLoggerAndMessage2DBAdvisor - ## chunk: null
2026-03-08 00:02:25.205 [boundedElastic-1] INFO  com.flora.ai.ecommerce.advisor.CustomStreamLoggerAndMessage2DBAdvisor - ## chunk: null
2026-03-08 00:02:25.206 [http-nio-8080-exec-3] INFO  com.flora.ai.ecommerce.aspect.ApiOperationLogAspect - ====== 请求开始: [流式对话], 入参: {"message":"哪种洗面奶适合出油多的肤质？","chatId":"47432b63-43e4-4a8a-a933-821fa4418757","networkSearch":false,"modelName":"qwen3.5-plus","temperature":0.7}, 请求类: ChatController, 请求方法: chat =================================== 
2026-03-08 00:02:25.208 [boundedElastic-1] INFO  com.flora.ai.ecommerce.advisor.CustomStreamLoggerAndMessage2DBAdvisor - ## chunk: null
2026-03-08 00:02:25.214 [http-nio-8080-exec-3] INFO  com.flora.ai.ecommerce.aspect.ApiOperationLogAspect - ====== 请求结束: [流式对话], 耗时: 9ms, 出参: {"scanAvailable":true,"prefetch":-1} =================================== 
2026-03-08 00:02:25.215 [http-nio-8080-exec-3] INFO  com.flora.ai.ecommerce.advisor.CustomChatMemoryAdvisor - ## 自定义聊天记忆 Advisor
2026-03-08 00:02:25.398 [boundedElastic-1] INFO  com.flora.ai.ecommerce.advisor.CustomStreamLoggerAndMessage2DBAdvisor - ## chunk: null
2026-03-08 00:02:25.404 [boundedElastic-1] INFO  com.flora.ai.ecommerce.advisor.CustomStreamLoggerAndMessage2DBAdvisor - ## chunk: null
2026-03-08 00:02:25.498 [boundedElastic-1] INFO  com.flora.ai.ecommerce.advisor.CustomStreamLoggerAndMessage2DBAdvisor - ## chunk: null
2026-03-08 00:02:25.501 [boundedElastic-1] INFO  com.flora.ai.ecommerce.advisor.CustomStreamLoggerAndMessage2DBAdvisor - ## chunk: null
2026-03-08 00:02:25.685 [boundedElastic-1] INFO  com.flora.ai.ecommerce.advisor.CustomStreamLoggerAndMessage2DBAdvisor - ## chunk: null
2026-03-08 00:02:25.689 [boundedElastic-1] INFO  com.flora.ai.ecommerce.advisor.CustomStreamLoggerAndMessage2DBAdvisor - ## chunk: null
2026-03-08 00:02:25.781 [boundedElastic-1] INFO  com.flora.ai.ecommerce.advisor.CustomStreamLoggerAndMessage2DBAdvisor - ## chunk: null
2026-03-08 00:02:25.784 [boundedElastic-1] INFO  com.flora.ai.ecommerce.advisor.CustomStreamLoggerAndMessage2DBAdvisor - ## chunk: null
2026-03-08 00:02:25.878 [boundedElastic-1] INFO  com.flora.ai.ecommerce.advisor.CustomStreamLoggerAndMessage2DBAdvisor - ## chunk: null
2026-03-08 00:02:25.883 [boundedElastic-1] INFO  com.flora.ai.ecommerce.advisor.CustomStreamLoggerAndMessage2DBAdvisor - ## chunk: null
2026-03-08 00:02:25.911 [boundedElastic-2] INFO  com.flora.ai.ecommerce.advisor.CustomStreamLoggerAndMessage2DBAdvisor - ## chunk: null
2026-03-08 00:02:25.965 [boundedElastic-2] INFO  com.flora.ai.ecommerce.advisor.CustomStreamLoggerAndMessage2DBAdvisor - ## chunk: null
2026-03-08 00:02:25.969 [boundedElastic-1] INFO  com.flora.ai.ecommerce.advisor.CustomStreamLoggerAndMessage2DBAdvisor - ## chunk: null
2026-03-08 00:02:25.974 [boundedElastic-1] INFO  com.flora.ai.ecommerce.advisor.CustomStreamLoggerAndMessage2DBAdvisor - ## chunk: null
2026-03-08 00:02:26.064 [boundedElastic-1] INFO  com.flora.ai.ecommerce.advisor.CustomStreamLoggerAndMessage2DBAdvisor - ## chunk: null
2026-03-08 00:02:26.066 [boundedElastic-1] INFO  com.flora.ai.ecommerce.advisor.CustomStreamLoggerAndMessage2DBAdvisor - ## chunk: null
2026-03-08 00:02:26.071 [boundedElastic-2] INFO  com.flora.ai.ecommerce.advisor.CustomStreamLoggerAndMessage2DBAdvisor - ## chunk: null
2026-03-08 00:02:26.071 [boundedElastic-2] INFO  com.flora.ai.ecommerce.advisor.CustomStreamLoggerAndMessage2DBAdvisor - ## chunk: null
2026-03-08 00:02:26.166 [boundedElastic-1] INFO  com.flora.ai.ecommerce.advisor.CustomStreamLoggerAndMessage2DBAdvisor - ## chunk: null
2026-03-08 00:02:26.202 [boundedElastic-2] INFO  com.flora.ai.ecommerce.advisor.CustomStreamLoggerAndMessage2DBAdvisor - ## chunk: null
2026-03-08 00:02:26.202 [boundedElastic-2] INFO  com.flora.ai.ecommerce.advisor.CustomStreamLoggerAndMessage2DBAdvisor - ## chunk: null
2026-03-08 00:02:26.205 [boundedElastic-1] INFO  com.flora.ai.ecommerce.advisor.CustomStreamLoggerAndMessage2DBAdvisor - ## chunk: null
2026-03-08 00:02:26.260 [boundedElastic-1] INFO  com.flora.ai.ecommerce.advisor.CustomStreamLoggerAndMessage2DBAdvisor - ## chunk: null
2026-03-08 00:02:26.264 [boundedElastic-1] INFO  com.flora.ai.ecommerce.advisor.CustomStreamLoggerAndMessage2DBAdvisor - ## chunk: null
2026-03-08 00:02:26.277 [boundedElastic-2] INFO  com.flora.ai.ecommerce.advisor.CustomStreamLoggerAndMessage2DBAdvisor - ## chunk: null
2026-03-08 00:02:26.280 [boundedElastic-2] INFO  com.flora.ai.ecommerce.advisor.CustomStreamLoggerAndMessage2DBAdvisor - ## chunk: null
2026-03-08 00:02:26.380 [boundedElastic-2] INFO  com.flora.ai.ecommerce.advisor.CustomStreamLoggerAndMessage2DBAdvisor - ## chunk: null
2026-03-08 00:02:26.382 [boundedElastic-2] INFO  com.flora.ai.ecommerce.advisor.CustomStreamLoggerAndMessage2DBAdvisor - ## chunk: null
2026-03-08 00:02:26.470 [boundedElastic-1] INFO  com.flora.ai.ecommerce.advisor.CustomStreamLoggerAndMessage2DBAdvisor - ## chunk: null
2026-03-08 00:02:26.477 [boundedElastic-1] INFO  com.flora.ai.ecommerce.advisor.CustomStreamLoggerAndMessage2DBAdvisor - ## chunk: null
2026-03-08 00:02:26.483 [boundedElastic-2] INFO  com.flora.ai.ecommerce.advisor.CustomStreamLoggerAndMessage2DBAdvisor - ## chunk: null
2026-03-08 00:02:26.486 [boundedElastic-2] INFO  com.flora.ai.ecommerce.advisor.CustomStreamLoggerAndMessage2DBAdvisor - ## chunk: null
2026-03-08 00:02:26.549 [boundedElastic-1] INFO  com.flora.ai.ecommerce.advisor.CustomStreamLoggerAndMessage2DBAdvisor - ## chunk: null
2026-03-08 00:02:26.554 [boundedElastic-1] INFO  com.flora.ai.ecommerce.advisor.CustomStreamLoggerAndMessage2DBAdvisor - ## chunk: null
2026-03-08 00:02:26.585 [boundedElastic-2] INFO  com.flora.ai.ecommerce.advisor.CustomStreamLoggerAndMessage2DBAdvisor - ## chunk: null
2026-03-08 00:02:26.587 [boundedElastic-2] INFO  com.flora.ai.ecommerce.advisor.CustomStreamLoggerAndMessage2DBAdvisor - ## chunk: null
2026-03-08 00:02:26.648 [boundedElastic-1] INFO  com.flora.ai.ecommerce.advisor.CustomStreamLoggerAndMessage2DBAdvisor - ## chunk: null
2026-03-08 00:02:26.651 [boundedElastic-1] INFO  com.flora.ai.ecommerce.advisor.CustomStreamLoggerAndMessage2DBAdvisor - ## chunk: null
2026-03-08 00:02:26.689 [boundedElastic-2] INFO  com.flora.ai.ecommerce.advisor.CustomStreamLoggerAndMessage2DBAdvisor - ## chunk: null
2026-03-08 00:02:26.692 [boundedElastic-2] INFO  com.flora.ai.ecommerce.advisor.CustomStreamLoggerAndMessage2DBAdvisor - ## chunk: null
2026-03-08 00:02:26.739 [boundedElastic-1] INFO  com.flora.ai.ecommerce.advisor.CustomStreamLoggerAndMessage2DBAdvisor - ## chunk: null
2026-03-08 00:02:26.745 [boundedElastic-1] INFO  com.flora.ai.ecommerce.advisor.CustomStreamLoggerAndMessage2DBAdvisor - ## chunk: null
2026-03-08 00:02:26.789 [boundedElastic-2] INFO  com.flora.ai.ecommerce.advisor.CustomStreamLoggerAndMessage2DBAdvisor - ## chunk: null
2026-03-08 00:02:26.793 [boundedElastic-2] INFO  com.flora.ai.ecommerce.advisor.CustomStreamLoggerAndMessage2DBAdvisor - ## chunk: null
2026-03-08 00:02:26.833 [boundedElastic-1] INFO  com.flora.ai.ecommerce.advisor.CustomStreamLoggerAndMessage2DBAdvisor - ## chunk: null
2026-03-08 00:02:26.887 [boundedElastic-1] INFO  com.flora.ai.ecommerce.advisor.CustomStreamLoggerAndMessage2DBAdvisor - ## chunk: null
2026-03-08 00:02:26.894 [boundedElastic-2] INFO  com.flora.ai.ecommerce.advisor.CustomStreamLoggerAndMessage2DBAdvisor - ## chunk: null
2026-03-08 00:02:26.897 [boundedElastic-2] INFO  com.flora.ai.ecommerce.advisor.CustomStreamLoggerAndMessage2DBAdvisor - ## chunk: null
2026-03-08 00:02:26.933 [boundedElastic-1] INFO  com.flora.ai.ecommerce.advisor.CustomStreamLoggerAndMessage2DBAdvisor - ## chunk: null
2026-03-08 00:02:26.938 [boundedElastic-1] INFO  com.flora.ai.ecommerce.advisor.CustomStreamLoggerAndMessage2DBAdvisor - ## chunk: null
2026-03-08 00:02:26.993 [boundedElastic-2] INFO  com.flora.ai.ecommerce.advisor.CustomStreamLoggerAndMessage2DBAdvisor - ## chunk: null
2026-03-08 00:02:27.000 [boundedElastic-2] INFO  com.flora.ai.ecommerce.advisor.CustomStreamLoggerAndMessage2DBAdvisor - ## chunk: null
2026-03-08 00:02:27.082 [boundedElastic-1] INFO  com.flora.ai.ecommerce.advisor.CustomStreamLoggerAndMessage2DBAdvisor - ## chunk: null
2026-03-08 00:02:27.088 [boundedElastic-1] INFO  com.flora.ai.ecommerce.advisor.CustomStreamLoggerAndMessage2DBAdvisor - ## chunk: null
2026-03-08 00:02:27.097 [boundedElastic-2] INFO  com.flora.ai.ecommerce.advisor.CustomStreamLoggerAndMessage2DBAdvisor - ## chunk: null
2026-03-08 00:02:27.100 [boundedElastic-2] INFO  com.flora.ai.ecommerce.advisor.CustomStreamLoggerAndMessage2DBAdvisor - ## chunk: null
2026-03-08 00:02:27.176 [boundedElastic-1] INFO  com.flora.ai.ecommerce.advisor.CustomStreamLoggerAndMessage2DBAdvisor - ## chunk: null
2026-03-08 00:02:27.181 [boundedElastic-1] INFO  com.flora.ai.ecommerce.advisor.CustomStreamLoggerAndMessage2DBAdvisor - ## chunk: null
2026-03-08 00:02:27.198 [boundedElastic-2] INFO  com.flora.ai.ecommerce.advisor.CustomStreamLoggerAndMessage2DBAdvisor - ## chunk: null
2026-03-08 00:02:27.202 [boundedElastic-2] INFO  com.flora.ai.ecommerce.advisor.CustomStreamLoggerAndMessage2DBAdvisor - ## chunk: null
2026-03-08 00:02:27.274 [boundedElastic-1] INFO  com.flora.ai.ecommerce.advisor.CustomStreamLoggerAndMessage2DBAdvisor - ## chunk: null
2026-03-08 00:02:27.278 [boundedElastic-1] INFO  com.flora.ai.ecommerce.advisor.CustomStreamLoggerAndMessage2DBAdvisor - ## chunk: null
2026-03-08 00:02:27.352 [boundedElastic-2] INFO  com.flora.ai.ecommerce.advisor.CustomStreamLoggerAndMessage2DBAdvisor - ## chunk: null
2026-03-08 00:02:27.354 [boundedElastic-2] INFO  com.flora.ai.ecommerce.advisor.CustomStreamLoggerAndMessage2DBAdvisor - ## chunk: null
2026-03-08 00:02:27.370 [boundedElastic-1] INFO  com.flora.ai.ecommerce.advisor.CustomStreamLoggerAndMessage2DBAdvisor - ## chunk: null
2026-03-08 00:02:27.373 [boundedElastic-1] INFO  com.flora.ai.ecommerce.advisor.CustomStreamLoggerAndMessage2DBAdvisor - ## chunk: null
2026-03-08 00:02:27.468 [boundedElastic-1] INFO  com.flora.ai.ecommerce.advisor.CustomStreamLoggerAndMessage2DBAdvisor - ## chunk: null
2026-03-08 00:02:27.472 [boundedElastic-1] INFO  com.flora.ai.ecommerce.advisor.CustomStreamLoggerAndMessage2DBAdvisor - ## chunk: null
2026-03-08 00:02:27.509 [boundedElastic-2] INFO  com.flora.ai.ecommerce.advisor.CustomStreamLoggerAndMessage2DBAdvisor - ## chunk: null
2026-03-08 00:02:27.512 [boundedElastic-2] INFO  com.flora.ai.ecommerce.advisor.CustomStreamLoggerAndMessage2DBAdvisor - ## chunk: null
2026-03-08 00:02:27.610 [boundedElastic-2] INFO  com.flora.ai.ecommerce.advisor.CustomStreamLoggerAndMessage2DBAdvisor - ## chunk: null
2026-03-08 00:02:27.613 [boundedElastic-2] INFO  com.flora.ai.ecommerce.advisor.CustomStreamLoggerAndMessage2DBAdvisor - ## chunk: null
2026-03-08 00:02:27.666 [boundedElastic-1] INFO  com.flora.ai.ecommerce.advisor.CustomStreamLoggerAndMessage2DBAdvisor - ## chunk: null
2026-03-08 00:02:27.670 [boundedElastic-1] INFO  com.flora.ai.ecommerce.advisor.CustomStreamLoggerAndMessage2DBAdvisor - ## chunk: null
2026-03-08 00:02:27.716 [boundedElastic-2] INFO  com.flora.ai.ecommerce.advisor.CustomStreamLoggerAndMessage2DBAdvisor - ## chunk: null
2026-03-08 00:02:27.719 [boundedElastic-2] INFO  com.flora.ai.ecommerce.advisor.CustomStreamLoggerAndMessage2DBAdvisor - ## chunk: null
2026-03-08 00:02:27.805 [boundedElastic-1] INFO  com.flora.ai.ecommerce.advisor.CustomStreamLoggerAndMessage2DBAdvisor - ## chunk: null
2026-03-08 00:02:27.810 [boundedElastic-1] INFO  com.flora.ai.ecommerce.advisor.CustomStreamLoggerAndMessage2DBAdvisor - ## chunk: null
2026-03-08 00:02:27.817 [boundedElastic-2] INFO  com.flora.ai.ecommerce.advisor.CustomStreamLoggerAndMessage2DBAdvisor - ## chunk: null
2026-03-08 00:02:27.820 [boundedElastic-2] INFO  com.flora.ai.ecommerce.advisor.CustomStreamLoggerAndMessage2DBAdvisor - ## chunk: null
2026-03-08 00:02:27.900 [boundedElastic-1] INFO  com.flora.ai.ecommerce.advisor.CustomStreamLoggerAndMessage2DBAdvisor - ## chunk: null
2026-03-08 00:02:27.905 [boundedElastic-1] INFO  com.flora.ai.ecommerce.advisor.CustomStreamLoggerAndMessage2DBAdvisor - ## chunk: null
2026-03-08 00:02:27.951 [boundedElastic-2] INFO  com.flora.ai.ecommerce.advisor.CustomStreamLoggerAndMessage2DBAdvisor - ## chunk: null
2026-03-08 00:02:27.991 [boundedElastic-1] INFO  com.flora.ai.ecommerce.advisor.CustomStreamLoggerAndMessage2DBAdvisor - ## chunk: null
2026-03-08 00:02:27.991 [boundedElastic-2] INFO  com.flora.ai.ecommerce.advisor.CustomStreamLoggerAndMessage2DBAdvisor - ## chunk: null
2026-03-08 00:02:27.994 [boundedElastic-1] INFO  com.flora.ai.ecommerce.advisor.CustomStreamLoggerAndMessage2DBAdvisor - ## chunk: null
2026-03-08 00:02:28.081 [boundedElastic-2] INFO  com.flora.ai.ecommerce.advisor.CustomStreamLoggerAndMessage2DBAdvisor - ## chunk: null
2026-03-08 00:02:28.082 [boundedElastic-1] INFO  com.flora.ai.ecommerce.advisor.CustomStreamLoggerAndMessage2DBAdvisor - ## chunk: null
2026-03-08 00:02:28.082 [boundedElastic-2] INFO  com.flora.ai.ecommerce.advisor.CustomStreamLoggerAndMessage2DBAdvisor - ## chunk: null
2026-03-08 00:02:28.125 [boundedElastic-1] INFO  com.flora.ai.ecommerce.advisor.CustomStreamLoggerAndMessage2DBAdvisor - ## chunk: null
2026-03-08 00:02:28.177 [boundedElastic-1] INFO  com.flora.ai.ecommerce.advisor.CustomStreamLoggerAndMessage2DBAdvisor - ## chunk: null
2026-03-08 00:02:28.179 [boundedElastic-2] INFO  com.flora.ai.ecommerce.advisor.CustomStreamLoggerAndMessage2DBAdvisor - ## chunk: null
2026-03-08 00:02:28.181 [boundedElastic-1] INFO  com.flora.ai.ecommerce.advisor.CustomStreamLoggerAndMessage2DBAdvisor - ## chunk: null
2026-03-08 00:02:28.186 [boundedElastic-2] INFO  com.flora.ai.ecommerce.advisor.CustomStreamLoggerAndMessage2DBAdvisor - ## chunk: null
2026-03-08 00:02:28.272 [boundedElastic-1] INFO  com.flora.ai.ecommerce.advisor.CustomStreamLoggerAndMessage2DBAdvisor - ## chunk: null
2026-03-08 00:02:28.276 [boundedElastic-1] INFO  com.flora.ai.ecommerce.advisor.CustomStreamLoggerAndMessage2DBAdvisor - ## chunk: null
2026-03-08 00:02:28.286 [boundedElastic-2] INFO  com.flora.ai.ecommerce.advisor.CustomStreamLoggerAndMessage2DBAdvisor - ## chunk: null
2026-03-08 00:02:28.289 [boundedElastic-2] INFO  com.flora.ai.ecommerce.advisor.CustomStreamLoggerAndMessage2DBAdvisor - ## chunk: null
2026-03-08 00:02:28.362 [boundedElastic-1] INFO  com.flora.ai.ecommerce.advisor.CustomStreamLoggerAndMessage2DBAdvisor - ## chunk: null
2026-03-08 00:02:28.365 [boundedElastic-1] INFO  com.flora.ai.ecommerce.advisor.CustomStreamLoggerAndMessage2DBAdvisor - ## chunk: null
2026-03-08 00:02:28.390 [boundedElastic-2] INFO  com.flora.ai.ecommerce.advisor.CustomStreamLoggerAndMessage2DBAdvisor - ## chunk: null
2026-03-08 00:02:28.428 [boundedElastic-2] INFO  com.flora.ai.ecommerce.advisor.CustomStreamLoggerAndMessage2DBAdvisor - ## chunk: null
2026-03-08 00:02:28.490 [boundedElastic-2] INFO  com.flora.ai.ecommerce.advisor.CustomStreamLoggerAndMessage2DBAdvisor - ## chunk: null
2026-03-08 00:02:28.494 [boundedElastic-2] INFO  com.flora.ai.ecommerce.advisor.CustomStreamLoggerAndMessage2DBAdvisor - ## chunk: null
2026-03-08 00:02:28.557 [boundedElastic-1] INFO  com.flora.ai.ecommerce.advisor.CustomStreamLoggerAndMessage2DBAdvisor - ## chunk: null
2026-03-08 00:02:28.560 [boundedElastic-1] INFO  com.flora.ai.ecommerce.advisor.CustomStreamLoggerAndMessage2DBAdvisor - ## chunk: null
2026-03-08 00:02:28.644 [boundedElastic-1] INFO  com.flora.ai.ecommerce.advisor.CustomStreamLoggerAndMessage2DBAdvisor - ## chunk: null
2026-03-08 00:02:28.648 [boundedElastic-1] INFO  com.flora.ai.ecommerce.advisor.CustomStreamLoggerAndMessage2DBAdvisor - ## chunk: null
2026-03-08 00:02:28.651 [boundedElastic-2] INFO  com.flora.ai.ecommerce.advisor.CustomStreamLoggerAndMessage2DBAdvisor - ## chunk: null
2026-03-08 00:02:28.656 [boundedElastic-2] INFO  com.flora.ai.ecommerce.advisor.CustomStreamLoggerAndMessage2DBAdvisor - ## chunk: null
2026-03-08 00:02:28.749 [boundedElastic-1] INFO  com.flora.ai.ecommerce.advisor.CustomStreamLoggerAndMessage2DBAdvisor - ## chunk: null
2026-03-08 00:02:28.756 [boundedElastic-1] INFO  com.flora.ai.ecommerce.advisor.CustomStreamLoggerAndMessage2DBAdvisor - ## chunk: null
2026-03-08 00:02:28.806 [boundedElastic-2] INFO  com.flora.ai.ecommerce.advisor.CustomStreamLoggerAndMessage2DBAdvisor - ## chunk: null
2026-03-08 00:02:28.808 [boundedElastic-2] INFO  com.flora.ai.ecommerce.advisor.CustomStreamLoggerAndMessage2DBAdvisor - ## chunk: null
2026-03-08 00:02:28.848 [boundedElastic-1] INFO  com.flora.ai.ecommerce.advisor.CustomStreamLoggerAndMessage2DBAdvisor - ## chunk: null
2026-03-08 00:02:28.852 [boundedElastic-1] INFO  com.flora.ai.ecommerce.advisor.CustomStreamLoggerAndMessage2DBAdvisor - ## chunk: null
2026-03-08 00:02:28.913 [boundedElastic-2] INFO  com.flora.ai.ecommerce.advisor.CustomStreamLoggerAndMessage2DBAdvisor - ## chunk: null
2026-03-08 00:02:28.917 [boundedElastic-2] INFO  com.flora.ai.ecommerce.advisor.CustomStreamLoggerAndMessage2DBAdvisor - ## chunk: null
2026-03-08 00:02:28.937 [boundedElastic-1] INFO  com.flora.ai.ecommerce.advisor.CustomStreamLoggerAndMessage2DBAdvisor - ## chunk: null
2026-03-08 00:02:28.940 [boundedElastic-1] INFO  com.flora.ai.ecommerce.advisor.CustomStreamLoggerAndMessage2DBAdvisor - ## chunk: null
2026-03-08 00:02:29.038 [boundedElastic-1] INFO  com.flora.ai.ecommerce.advisor.CustomStreamLoggerAndMessage2DBAdvisor - ## chunk: null
2026-03-08 00:02:29.042 [boundedElastic-1] INFO  com.flora.ai.ecommerce.advisor.CustomStreamLoggerAndMessage2DBAdvisor - ## chunk: null
2026-03-08 00:02:29.068 [boundedElastic-2] INFO  com.flora.ai.ecommerce.advisor.CustomStreamLoggerAndMessage2DBAdvisor - ## chunk: null
2026-03-08 00:02:29.070 [boundedElastic-2] INFO  com.flora.ai.ecommerce.advisor.CustomStreamLoggerAndMessage2DBAdvisor - ## chunk: null
2026-03-08 00:02:29.123 [boundedElastic-1] INFO  com.flora.ai.ecommerce.advisor.CustomStreamLoggerAndMessage2DBAdvisor - ## chunk: null
2026-03-08 00:02:29.126 [boundedElastic-1] INFO  com.flora.ai.ecommerce.advisor.CustomStreamLoggerAndMessage2DBAdvisor - ## chunk: null
2026-03-08 00:02:29.225 [boundedElastic-2] INFO  com.flora.ai.ecommerce.advisor.CustomStreamLoggerAndMessage2DBAdvisor - ## chunk: null
2026-03-08 00:02:29.228 [boundedElastic-2] INFO  com.flora.ai.ecommerce.advisor.CustomStreamLoggerAndMessage2DBAdvisor - ## chunk: null
2026-03-08 00:02:29.304 [boundedElastic-1] INFO  com.flora.ai.ecommerce.advisor.CustomStreamLoggerAndMessage2DBAdvisor - ## chunk: null
2026-03-08 00:02:29.310 [boundedElastic-1] INFO  com.flora.ai.ecommerce.advisor.CustomStreamLoggerAndMessage2DBAdvisor - ## chunk: null
2026-03-08 00:02:29.427 [boundedElastic-2] INFO  com.flora.ai.ecommerce.advisor.CustomStreamLoggerAndMessage2DBAdvisor - ## chunk: null
2026-03-08 00:02:29.430 [boundedElastic-2] INFO  com.flora.ai.ecommerce.advisor.CustomStreamLoggerAndMessage2DBAdvisor - ## chunk: null
2026-03-08 00:02:29.450 [boundedElastic-1] INFO  com.flora.ai.ecommerce.advisor.CustomStreamLoggerAndMessage2DBAdvisor - ## chunk: null
2026-03-08 00:02:29.455 [boundedElastic-1] INFO  com.flora.ai.ecommerce.advisor.CustomStreamLoggerAndMessage2DBAdvisor - ## chunk: null
2026-03-08 00:02:29.529 [boundedElastic-2] INFO  com.flora.ai.ecommerce.advisor.CustomStreamLoggerAndMessage2DBAdvisor - ## chunk: null
2026-03-08 00:02:29.534 [boundedElastic-2] INFO  com.flora.ai.ecommerce.advisor.CustomStreamLoggerAndMessage2DBAdvisor - ## chunk: null
2026-03-08 00:02:29.540 [boundedElastic-1] INFO  com.flora.ai.ecommerce.advisor.CustomStreamLoggerAndMessage2DBAdvisor - ## chunk: null
2026-03-08 00:02:29.545 [boundedElastic-1] INFO  com.flora.ai.ecommerce.advisor.CustomStreamLoggerAndMessage2DBAdvisor - ## chunk: null
2026-03-08 00:02:29.629 [boundedElastic-2] INFO  com.flora.ai.ecommerce.advisor.CustomStreamLoggerAndMessage2DBAdvisor - ## chunk: null
2026-03-08 00:02:29.632 [boundedElastic-2] INFO  com.flora.ai.ecommerce.advisor.CustomStreamLoggerAndMessage2DBAdvisor - ## chunk: null
2026-03-08 00:02:29.633 [boundedElastic-1] INFO  com.flora.ai.ecommerce.advisor.CustomStreamLoggerAndMessage2DBAdvisor - ## chunk: null
2026-03-08 00:02:29.638 [boundedElastic-1] INFO  com.flora.ai.ecommerce.advisor.CustomStreamLoggerAndMessage2DBAdvisor - ## chunk: null
2026-03-08 00:02:29.732 [boundedElastic-1] INFO  com.flora.ai.ecommerce.advisor.CustomStreamLoggerAndMessage2DBAdvisor - ## chunk: null
2026-03-08 00:02:29.737 [boundedElastic-1] INFO  com.flora.ai.ecommerce.advisor.CustomStreamLoggerAndMessage2DBAdvisor - ## chunk: null
2026-03-08 00:02:29.758 [boundedElastic-2] INFO  com.flora.ai.ecommerce.advisor.CustomStreamLoggerAndMessage2DBAdvisor - ## chunk: null
2026-03-08 00:02:29.760 [boundedElastic-2] INFO  com.flora.ai.ecommerce.advisor.CustomStreamLoggerAndMessage2DBAdvisor - ## chunk: null
2026-03-08 00:02:29.826 [boundedElastic-1] INFO  com.flora.ai.ecommerce.advisor.CustomStreamLoggerAndMessage2DBAdvisor - ## chunk: null
2026-03-08 00:02:29.830 [boundedElastic-1] INFO  com.flora.ai.ecommerce.advisor.CustomStreamLoggerAndMessage2DBAdvisor - ## chunk: null
2026-03-08 00:02:29.883 [boundedElastic-2] INFO  com.flora.ai.ecommerce.advisor.CustomStreamLoggerAndMessage2DBAdvisor - ## chunk: null
2026-03-08 00:02:29.884 [boundedElastic-2] INFO  com.flora.ai.ecommerce.advisor.CustomStreamLoggerAndMessage2DBAdvisor - ## chunk: null
2026-03-08 00:02:29.922 [boundedElastic-1] INFO  com.flora.ai.ecommerce.advisor.CustomStreamLoggerAndMessage2DBAdvisor - ## chunk: null
2026-03-08 00:02:29.925 [boundedElastic-1] INFO  com.flora.ai.ecommerce.advisor.CustomStreamLoggerAndMessage2DBAdvisor - ## chunk: null
2026-03-08 00:02:30.011 [boundedElastic-1] INFO  com.flora.ai.ecommerce.advisor.CustomStreamLoggerAndMessage2DBAdvisor - ## chunk: null
2026-03-08 00:02:30.015 [boundedElastic-1] INFO  com.flora.ai.ecommerce.advisor.CustomStreamLoggerAndMessage2DBAdvisor - ## chunk: null
2026-03-08 00:02:30.033 [boundedElastic-2] INFO  com.flora.ai.ecommerce.advisor.CustomStreamLoggerAndMessage2DBAdvisor - ## chunk: null
2026-03-08 00:02:30.036 [boundedElastic-2] INFO  com.flora.ai.ecommerce.advisor.CustomStreamLoggerAndMessage2DBAdvisor - ## chunk: null
2026-03-08 00:02:30.103 [boundedElastic-1] INFO  com.flora.ai.ecommerce.advisor.CustomStreamLoggerAndMessage2DBAdvisor - ## chunk: null
2026-03-08 00:02:30.109 [boundedElastic-1] INFO  com.flora.ai.ecommerce.advisor.CustomStreamLoggerAndMessage2DBAdvisor - ## chunk: null
2026-03-08 00:02:30.139 [boundedElastic-2] INFO  com.flora.ai.ecommerce.advisor.CustomStreamLoggerAndMessage2DBAdvisor - ## chunk: null
2026-03-08 00:02:30.143 [boundedElastic-2] INFO  com.flora.ai.ecommerce.advisor.CustomStreamLoggerAndMessage2DBAdvisor - ## chunk: null
2026-03-08 00:02:30.206 [boundedElastic-1] INFO  com.flora.ai.ecommerce.advisor.CustomStreamLoggerAndMessage2DBAdvisor - ## chunk: null
2026-03-08 00:02:30.209 [boundedElastic-1] INFO  com.flora.ai.ecommerce.advisor.CustomStreamLoggerAndMessage2DBAdvisor - ## chunk: null
2026-03-08 00:02:30.237 [boundedElastic-2] INFO  com.flora.ai.ecommerce.advisor.CustomStreamLoggerAndMessage2DBAdvisor - ## chunk: null
2026-03-08 00:02:30.240 [boundedElastic-2] INFO  com.flora.ai.ecommerce.advisor.CustomStreamLoggerAndMessage2DBAdvisor - ## chunk: null
2026-03-08 00:02:30.291 [boundedElastic-1] INFO  com.flora.ai.ecommerce.advisor.CustomStreamLoggerAndMessage2DBAdvisor - ## chunk: null
2026-03-08 00:02:30.295 [boundedElastic-1] INFO  com.flora.ai.ecommerce.advisor.CustomStreamLoggerAndMessage2DBAdvisor - ## chunk: null
2026-03-08 00:02:30.340 [boundedElastic-2] INFO  com.flora.ai.ecommerce.advisor.CustomStreamLoggerAndMessage2DBAdvisor - ## chunk: null
2026-03-08 00:02:30.345 [boundedElastic-2] INFO  com.flora.ai.ecommerce.advisor.CustomStreamLoggerAndMessage2DBAdvisor - ## chunk: null
2026-03-08 00:02:30.433 [boundedElastic-1] INFO  com.flora.ai.ecommerce.advisor.CustomStreamLoggerAndMessage2DBAdvisor - ## chunk: null
2026-03-08 00:02:30.439 [boundedElastic-1] INFO  com.flora.ai.ecommerce.advisor.CustomStreamLoggerAndMessage2DBAdvisor - ## chunk: null
2026-03-08 00:02:30.468 [boundedElastic-2] INFO  com.flora.ai.ecommerce.advisor.CustomStreamLoggerAndMessage2DBAdvisor - ## chunk: null
2026-03-08 00:02:30.470 [boundedElastic-2] INFO  com.flora.ai.ecommerce.advisor.CustomStreamLoggerAndMessage2DBAdvisor - ## chunk: null
2026-03-08 00:02:30.484 [boundedElastic-1] INFO  com.flora.ai.ecommerce.advisor.CustomStreamLoggerAndMessage2DBAdvisor - ## chunk: null
2026-03-08 00:02:30.490 [boundedElastic-1] INFO  com.flora.ai.ecommerce.advisor.CustomStreamLoggerAndMessage2DBAdvisor - ## chunk: null
2026-03-08 00:02:30.539 [boundedElastic-2] INFO  com.flora.ai.ecommerce.advisor.CustomStreamLoggerAndMessage2DBAdvisor - ## chunk: null
2026-03-08 00:02:30.543 [boundedElastic-2] INFO  com.flora.ai.ecommerce.advisor.CustomStreamLoggerAndMessage2DBAdvisor - ## chunk: null
2026-03-08 00:02:30.576 [boundedElastic-1] INFO  com.flora.ai.ecommerce.advisor.CustomStreamLoggerAndMessage2DBAdvisor - ## chunk: null
2026-03-08 00:02:30.578 [boundedElastic-1] INFO  com.flora.ai.ecommerce.advisor.CustomStreamLoggerAndMessage2DBAdvisor - ## chunk: null
2026-03-08 00:02:30.638 [boundedElastic-2] INFO  com.flora.ai.ecommerce.advisor.CustomStreamLoggerAndMessage2DBAdvisor - ## chunk: null
2026-03-08 00:02:30.642 [boundedElastic-2] INFO  com.flora.ai.ecommerce.advisor.CustomStreamLoggerAndMessage2DBAdvisor - ## chunk: null
2026-03-08 00:02:30.717 [boundedElastic-1] INFO  com.flora.ai.ecommerce.advisor.CustomStreamLoggerAndMessage2DBAdvisor - ## chunk: null
2026-03-08 00:02:30.722 [boundedElastic-1] INFO  com.flora.ai.ecommerce.advisor.CustomStreamLoggerAndMessage2DBAdvisor - ## chunk: null
2026-03-08 00:02:30.741 [boundedElastic-2] INFO  com.flora.ai.ecommerce.advisor.CustomStreamLoggerAndMessage2DBAdvisor - ## chunk: null
2026-03-08 00:02:30.742 [boundedElastic-2] INFO  com.flora.ai.ecommerce.advisor.CustomStreamLoggerAndMessage2DBAdvisor - ## chunk: null
2026-03-08 00:02:30.784 [boundedElastic-1] INFO  com.flora.ai.ecommerce.advisor.CustomStreamLoggerAndMessage2DBAdvisor - ## chunk: null
2026-03-08 00:02:30.789 [boundedElastic-1] INFO  com.flora.ai.ecommerce.advisor.CustomStreamLoggerAndMessage2DBAdvisor - ## chunk: null
2026-03-08 00:02:30.877 [boundedElastic-1] INFO  com.flora.ai.ecommerce.advisor.CustomStreamLoggerAndMessage2DBAdvisor - ## chunk: null
2026-03-08 00:02:30.892 [boundedElastic-2] INFO  com.flora.ai.ecommerce.advisor.CustomStreamLoggerAndMessage2DBAdvisor - ## chunk: null
2026-03-08 00:02:30.897 [boundedElastic-2] INFO  com.flora.ai.ecommerce.advisor.CustomStreamLoggerAndMessage2DBAdvisor - ## chunk: null
2026-03-08 00:02:30.918 [boundedElastic-1] INFO  com.flora.ai.ecommerce.advisor.CustomStreamLoggerAndMessage2DBAdvisor - ## chunk: null
2026-03-08 00:02:30.995 [boundedElastic-2] INFO  com.flora.ai.ecommerce.advisor.CustomStreamLoggerAndMessage2DBAdvisor - ## chunk: null
2026-03-08 00:02:30.996 [boundedElastic-2] INFO  com.flora.ai.ecommerce.advisor.CustomStreamLoggerAndMessage2DBAdvisor - ## chunk: null
2026-03-08 00:02:31.024 [boundedElastic-1] INFO  com.flora.ai.ecommerce.advisor.CustomStreamLoggerAndMessage2DBAdvisor - ## chunk: null
2026-03-08 00:02:31.029 [boundedElastic-1] INFO  com.flora.ai.ecommerce.advisor.CustomStreamLoggerAndMessage2DBAdvisor - ## chunk: null
2026-03-08 00:02:31.097 [boundedElastic-2] INFO  com.flora.ai.ecommerce.advisor.CustomStreamLoggerAndMessage2DBAdvisor - ## chunk: null
2026-03-08 00:02:31.102 [boundedElastic-2] INFO  com.flora.ai.ecommerce.advisor.CustomStreamLoggerAndMessage2DBAdvisor - ## chunk: null
2026-03-08 00:02:31.123 [boundedElastic-1] INFO  com.flora.ai.ecommerce.advisor.CustomStreamLoggerAndMessage2DBAdvisor - ## chunk: null
2026-03-08 00:02:31.127 [boundedElastic-1] INFO  com.flora.ai.ecommerce.advisor.CustomStreamLoggerAndMessage2DBAdvisor - ## chunk: null
2026-03-08 00:02:31.195 [boundedElastic-2] INFO  com.flora.ai.ecommerce.advisor.CustomStreamLoggerAndMessage2DBAdvisor - ## chunk: null
2026-03-08 00:02:31.197 [boundedElastic-2] INFO  com.flora.ai.ecommerce.advisor.CustomStreamLoggerAndMessage2DBAdvisor - ## chunk: null
2026-03-08 00:02:31.220 [boundedElastic-1] INFO  com.flora.ai.ecommerce.advisor.CustomStreamLoggerAndMessage2DBAdvisor - ## chunk: null
2026-03-08 00:02:31.225 [boundedElastic-1] INFO  com.flora.ai.ecommerce.advisor.CustomStreamLoggerAndMessage2DBAdvisor - ## chunk: null
2026-03-08 00:02:31.297 [boundedElastic-2] INFO  com.flora.ai.ecommerce.advisor.CustomStreamLoggerAndMessage2DBAdvisor - ## chunk: null
2026-03-08 00:02:31.298 [boundedElastic-2] INFO  com.flora.ai.ecommerce.advisor.CustomStreamLoggerAndMessage2DBAdvisor - ## chunk: null
2026-03-08 00:02:31.367 [boundedElastic-1] INFO  com.flora.ai.ecommerce.advisor.CustomStreamLoggerAndMessage2DBAdvisor - ## chunk: null
2026-03-08 00:02:31.370 [boundedElastic-1] INFO  com.flora.ai.ecommerce.advisor.CustomStreamLoggerAndMessage2DBAdvisor - ## chunk: null
2026-03-08 00:02:31.431 [boundedElastic-2] INFO  com.flora.ai.ecommerce.advisor.CustomStreamLoggerAndMessage2DBAdvisor - ## chunk: null
2026-03-08 00:02:31.433 [boundedElastic-2] INFO  com.flora.ai.ecommerce.advisor.CustomStreamLoggerAndMessage2DBAdvisor - ## chunk: null
2026-03-08 00:02:31.468 [boundedElastic-1] INFO  com.flora.ai.ecommerce.advisor.CustomStreamLoggerAndMessage2DBAdvisor - ## chunk: null
2026-03-08 00:02:31.472 [boundedElastic-1] INFO  com.flora.ai.ecommerce.advisor.CustomStreamLoggerAndMessage2DBAdvisor - ## chunk: null
2026-03-08 00:02:31.495 [boundedElastic-2] INFO  com.flora.ai.ecommerce.advisor.CustomStreamLoggerAndMessage2DBAdvisor - ## chunk: null
2026-03-08 00:02:31.538 [boundedElastic-2] INFO  com.flora.ai.ecommerce.advisor.CustomStreamLoggerAndMessage2DBAdvisor - ## chunk: null
2026-03-08 00:02:31.597 [boundedElastic-2] INFO  com.flora.ai.ecommerce.advisor.CustomStreamLoggerAndMessage2DBAdvisor - ## chunk: null
2026-03-08 00:02:31.600 [boundedElastic-2] INFO  com.flora.ai.ecommerce.advisor.CustomStreamLoggerAndMessage2DBAdvisor - ## chunk: null
2026-03-08 00:02:31.618 [boundedElastic-1] INFO  com.flora.ai.ecommerce.advisor.CustomStreamLoggerAndMessage2DBAdvisor - ## chunk: null
2026-03-08 00:02:31.621 [boundedElastic-1] INFO  com.flora.ai.ecommerce.advisor.CustomStreamLoggerAndMessage2DBAdvisor - ## chunk: null
2026-03-08 00:02:31.699 [boundedElastic-2] INFO  com.flora.ai.ecommerce.advisor.CustomStreamLoggerAndMessage2DBAdvisor - ## chunk: null
2026-03-08 00:02:31.720 [boundedElastic-1] INFO  com.flora.ai.ecommerce.advisor.CustomStreamLoggerAndMessage2DBAdvisor - ## chunk: null
2026-03-08 00:02:31.726 [boundedElastic-1] INFO  com.flora.ai.ecommerce.advisor.CustomStreamLoggerAndMessage2DBAdvisor - ## chunk: null
2026-03-08 00:02:31.746 [boundedElastic-2] INFO  com.flora.ai.ecommerce.advisor.CustomStreamLoggerAndMessage2DBAdvisor - ## chunk: null
2026-03-08 00:02:31.800 [boundedElastic-2] INFO  com.flora.ai.ecommerce.advisor.CustomStreamLoggerAndMessage2DBAdvisor - ## chunk: null
2026-03-08 00:02:31.805 [boundedElastic-2] INFO  com.flora.ai.ecommerce.advisor.CustomStreamLoggerAndMessage2DBAdvisor - ## chunk: null
2026-03-08 00:02:31.902 [boundedElastic-2] INFO  com.flora.ai.ecommerce.advisor.CustomStreamLoggerAndMessage2DBAdvisor - ## chunk: null
2026-03-08 00:02:31.904 [boundedElastic-2] INFO  com.flora.ai.ecommerce.advisor.CustomStreamLoggerAndMessage2DBAdvisor - ## chunk: null
2026-03-08 00:02:31.918 [boundedElastic-1] INFO  com.flora.ai.ecommerce.advisor.CustomStreamLoggerAndMessage2DBAdvisor - ## chunk: null
2026-03-08 00:02:31.940 [boundedElastic-1] INFO  com.flora.ai.ecommerce.advisor.CustomStreamLoggerAndMessage2DBAdvisor - ## chunk: null
2026-03-08 00:02:32.009 [boundedElastic-2] INFO  com.flora.ai.ecommerce.advisor.CustomStreamLoggerAndMessage2DBAdvisor - ## chunk: null
2026-03-08 00:02:32.011 [boundedElastic-2] INFO  com.flora.ai.ecommerce.advisor.CustomStreamLoggerAndMessage2DBAdvisor - ## chunk: null
2026-03-08 00:02:32.019 [boundedElastic-1] INFO  com.flora.ai.ecommerce.advisor.CustomStreamLoggerAndMessage2DBAdvisor - ## chunk: null
2026-03-08 00:02:32.023 [boundedElastic-1] INFO  com.flora.ai.ecommerce.advisor.CustomStreamLoggerAndMessage2DBAdvisor - ## chunk: null
2026-03-08 00:02:32.107 [boundedElastic-2] INFO  com.flora.ai.ecommerce.advisor.CustomStreamLoggerAndMessage2DBAdvisor - ## chunk: null
2026-03-08 00:02:32.112 [boundedElastic-2] INFO  com.flora.ai.ecommerce.advisor.CustomStreamLoggerAndMessage2DBAdvisor - ## chunk: null
2026-03-08 00:02:32.117 [boundedElastic-1] INFO  com.flora.ai.ecommerce.advisor.CustomStreamLoggerAndMessage2DBAdvisor - ## chunk: null
2026-03-08 00:02:32.119 [boundedElastic-1] INFO  com.flora.ai.ecommerce.advisor.CustomStreamLoggerAndMessage2DBAdvisor - ## chunk: null
2026-03-08 00:02:32.212 [boundedElastic-2] INFO  com.flora.ai.ecommerce.advisor.CustomStreamLoggerAndMessage2DBAdvisor - ## chunk: null
2026-03-08 00:02:32.215 [boundedElastic-2] INFO  com.flora.ai.ecommerce.advisor.CustomStreamLoggerAndMessage2DBAdvisor - ## chunk: null
2026-03-08 00:02:32.217 [boundedElastic-1] INFO  com.flora.ai.ecommerce.advisor.CustomStreamLoggerAndMessage2DBAdvisor - ## chunk: null
2026-03-08 00:02:32.220 [boundedElastic-1] INFO  com.flora.ai.ecommerce.advisor.CustomStreamLoggerAndMessage2DBAdvisor - ## chunk: null
2026-03-08 00:02:32.311 [boundedElastic-2] INFO  com.flora.ai.ecommerce.advisor.CustomStreamLoggerAndMessage2DBAdvisor - ## chunk: null
2026-03-08 00:02:32.311 [boundedElastic-2] INFO  com.flora.ai.ecommerce.advisor.CustomStreamLoggerAndMessage2DBAdvisor - ## chunk: null
2026-03-08 00:02:32.314 [boundedElastic-1] INFO  com.flora.ai.ecommerce.advisor.CustomStreamLoggerAndMessage2DBAdvisor - ## chunk: null
2026-03-08 00:02:32.358 [boundedElastic-1] INFO  com.flora.ai.ecommerce.advisor.CustomStreamLoggerAndMessage2DBAdvisor - ## chunk: null
2026-03-08 00:02:32.410 [boundedElastic-1] INFO  com.flora.ai.ecommerce.advisor.CustomStreamLoggerAndMessage2DBAdvisor - ## chunk: null
2026-03-08 00:02:32.417 [boundedElastic-1] INFO  com.flora.ai.ecommerce.advisor.CustomStreamLoggerAndMessage2DBAdvisor - ## chunk: null
2026-03-08 00:02:32.513 [boundedElastic-1] INFO  com.flora.ai.ecommerce.advisor.CustomStreamLoggerAndMessage2DBAdvisor - ## chunk: null
2026-03-08 00:02:32.514 [boundedElastic-2] INFO  com.flora.ai.ecommerce.advisor.CustomStreamLoggerAndMessage2DBAdvisor - ## chunk: null
2026-03-08 00:02:32.517 [boundedElastic-1] INFO  com.flora.ai.ecommerce.advisor.CustomStreamLoggerAndMessage2DBAdvisor - ## chunk: null
2026-03-08 00:02:32.518 [boundedElastic-2] INFO  com.flora.ai.ecommerce.advisor.CustomStreamLoggerAndMessage2DBAdvisor - ## chunk: null
2026-03-08 00:02:32.614 [boundedElastic-1] INFO  com.flora.ai.ecommerce.advisor.CustomStreamLoggerAndMessage2DBAdvisor - ## chunk: null
2026-03-08 00:02:32.619 [boundedElastic-1] INFO  com.flora.ai.ecommerce.advisor.CustomStreamLoggerAndMessage2DBAdvisor - ## chunk: null
2026-03-08 00:02:32.623 [boundedElastic-2] INFO  com.flora.ai.ecommerce.advisor.CustomStreamLoggerAndMessage2DBAdvisor - ## chunk: null
2026-03-08 00:02:32.626 [boundedElastic-2] INFO  com.flora.ai.ecommerce.advisor.CustomStreamLoggerAndMessage2DBAdvisor - ## chunk: null
2026-03-08 00:02:32.727 [boundedElastic-2] INFO  com.flora.ai.ecommerce.advisor.CustomStreamLoggerAndMessage2DBAdvisor - ## chunk: null
2026-03-08 00:02:32.730 [boundedElastic-2] INFO  com.flora.ai.ecommerce.advisor.CustomStreamLoggerAndMessage2DBAdvisor - ## chunk: null
2026-03-08 00:02:32.770 [boundedElastic-1] INFO  com.flora.ai.ecommerce.advisor.CustomStreamLoggerAndMessage2DBAdvisor - ## chunk: null
2026-03-08 00:02:32.775 [boundedElastic-1] INFO  com.flora.ai.ecommerce.advisor.CustomStreamLoggerAndMessage2DBAdvisor - ## chunk: null
2026-03-08 00:02:32.830 [boundedElastic-2] INFO  com.flora.ai.ecommerce.advisor.CustomStreamLoggerAndMessage2DBAdvisor - ## chunk: null
2026-03-08 00:02:32.833 [boundedElastic-2] INFO  com.flora.ai.ecommerce.advisor.CustomStreamLoggerAndMessage2DBAdvisor - ## chunk: null
2026-03-08 00:02:32.872 [boundedElastic-1] INFO  com.flora.ai.ecommerce.advisor.CustomStreamLoggerAndMessage2DBAdvisor - ## chunk: null
2026-03-08 00:02:32.876 [boundedElastic-1] INFO  com.flora.ai.ecommerce.advisor.CustomStreamLoggerAndMessage2DBAdvisor - ## chunk: null
2026-03-08 00:02:32.982 [boundedElastic-2] INFO  com.flora.ai.ecommerce.advisor.CustomStreamLoggerAndMessage2DBAdvisor - ## chunk: null
2026-03-08 00:02:32.987 [boundedElastic-2] INFO  com.flora.ai.ecommerce.advisor.CustomStreamLoggerAndMessage2DBAdvisor - ## chunk: null
2026-03-08 00:02:33.017 [boundedElastic-1] INFO  com.flora.ai.ecommerce.advisor.CustomStreamLoggerAndMessage2DBAdvisor - ## chunk: null
2026-03-08 00:02:33.020 [boundedElastic-1] INFO  com.flora.ai.ecommerce.advisor.CustomStreamLoggerAndMessage2DBAdvisor - ## chunk: null
2026-03-08 00:02:33.088 [boundedElastic-2] INFO  com.flora.ai.ecommerce.advisor.CustomStreamLoggerAndMessage2DBAdvisor - ## chunk: null
2026-03-08 00:02:33.092 [boundedElastic-2] INFO  com.flora.ai.ecommerce.advisor.CustomStreamLoggerAndMessage2DBAdvisor - ## chunk: null
2026-03-08 00:02:33.122 [boundedElastic-1] INFO  com.flora.ai.ecommerce.advisor.CustomStreamLoggerAndMessage2DBAdvisor - ## chunk: null
2026-03-08 00:02:33.129 [boundedElastic-1] INFO  com.flora.ai.ecommerce.advisor.CustomStreamLoggerAndMessage2DBAdvisor - ## chunk: null
2026-03-08 00:02:33.186 [boundedElastic-2] INFO  com.flora.ai.ecommerce.advisor.CustomStreamLoggerAndMessage2DBAdvisor - ## chunk: null
2026-03-08 00:02:33.188 [boundedElastic-2] INFO  com.flora.ai.ecommerce.advisor.CustomStreamLoggerAndMessage2DBAdvisor - ## chunk: null
2026-03-08 00:02:33.227 [boundedElastic-1] INFO  com.flora.ai.ecommerce.advisor.CustomStreamLoggerAndMessage2DBAdvisor - ## chunk: null
2026-03-08 00:02:33.232 [boundedElastic-1] INFO  com.flora.ai.ecommerce.advisor.CustomStreamLoggerAndMessage2DBAdvisor - ## chunk: null
2026-03-08 00:02:33.298 [boundedElastic-2] INFO  com.flora.ai.ecommerce.advisor.CustomStreamLoggerAndMessage2DBAdvisor - ## chunk: null
2026-03-08 00:02:33.302 [boundedElastic-2] INFO  com.flora.ai.ecommerce.advisor.CustomStreamLoggerAndMessage2DBAdvisor - ## chunk: null
2026-03-08 00:02:33.377 [boundedElastic-1] INFO  com.flora.ai.ecommerce.advisor.CustomStreamLoggerAndMessage2DBAdvisor - ## chunk: null
2026-03-08 00:02:33.382 [boundedElastic-1] INFO  com.flora.ai.ecommerce.advisor.CustomStreamLoggerAndMessage2DBAdvisor - ## chunk: null
2026-03-08 00:02:33.394 [boundedElastic-2] INFO  com.flora.ai.ecommerce.advisor.CustomStreamLoggerAndMessage2DBAdvisor - ## chunk: null
2026-03-08 00:02:33.396 [boundedElastic-2] INFO  com.flora.ai.ecommerce.advisor.CustomStreamLoggerAndMessage2DBAdvisor - ## chunk: null
2026-03-08 00:02:33.484 [boundedElastic-1] INFO  com.flora.ai.ecommerce.advisor.CustomStreamLoggerAndMessage2DBAdvisor - ## chunk: null
2026-03-08 00:02:33.490 [boundedElastic-1] INFO  com.flora.ai.ecommerce.advisor.CustomStreamLoggerAndMessage2DBAdvisor - ## chunk: null
2026-03-08 00:02:33.491 [boundedElastic-2] INFO  com.flora.ai.ecommerce.advisor.CustomStreamLoggerAndMessage2DBAdvisor - ## chunk: null
2026-03-08 00:02:33.497 [boundedElastic-2] INFO  com.flora.ai.ecommerce.advisor.CustomStreamLoggerAndMessage2DBAdvisor - ## chunk: null
2026-03-08 00:02:33.591 [boundedElastic-1] INFO  com.flora.ai.ecommerce.advisor.CustomStreamLoggerAndMessage2DBAdvisor - ## chunk: null
2026-03-08 00:02:33.591 [boundedElastic-1] INFO  com.flora.ai.ecommerce.advisor.CustomStreamLoggerAndMessage2DBAdvisor - ## chunk: null
2026-03-08 00:02:33.591 [boundedElastic-2] INFO  com.flora.ai.ecommerce.advisor.CustomStreamLoggerAndMessage2DBAdvisor - ## chunk: null
2026-03-08 00:02:33.594 [boundedElastic-2] INFO  com.flora.ai.ecommerce.advisor.CustomStreamLoggerAndMessage2DBAdvisor - ## chunk: null
2026-03-08 00:02:33.690 [boundedElastic-1] INFO  com.flora.ai.ecommerce.advisor.CustomStreamLoggerAndMessage2DBAdvisor - ## chunk: null
2026-03-08 00:02:33.693 [boundedElastic-2] INFO  com.flora.ai.ecommerce.advisor.CustomStreamLoggerAndMessage2DBAdvisor - ## chunk: null
2026-03-08 00:02:33.695 [boundedElastic-1] INFO  com.flora.ai.ecommerce.advisor.CustomStreamLoggerAndMessage2DBAdvisor - ## chunk: null
2026-03-08 00:02:33.697 [boundedElastic-2] INFO  com.flora.ai.ecommerce.advisor.CustomStreamLoggerAndMessage2DBAdvisor - ## chunk: null
2026-03-08 00:02:33.797 [boundedElastic-2] INFO  com.flora.ai.ecommerce.advisor.CustomStreamLoggerAndMessage2DBAdvisor - ## chunk: null
2026-03-08 00:02:33.800 [boundedElastic-2] INFO  com.flora.ai.ecommerce.advisor.CustomStreamLoggerAndMessage2DBAdvisor - ## chunk: null
2026-03-08 00:02:33.800 [boundedElastic-1] INFO  com.flora.ai.ecommerce.advisor.CustomStreamLoggerAndMessage2DBAdvisor - ## chunk: null
2026-03-08 00:02:33.805 [boundedElastic-1] INFO  com.flora.ai.ecommerce.advisor.CustomStreamLoggerAndMessage2DBAdvisor - ## chunk: null
2026-03-08 00:02:33.895 [boundedElastic-2] INFO  com.flora.ai.ecommerce.advisor.CustomStreamLoggerAndMessage2DBAdvisor - ## chunk: null
2026-03-08 00:02:33.899 [boundedElastic-2] INFO  com.flora.ai.ecommerce.advisor.CustomStreamLoggerAndMessage2DBAdvisor - ## chunk: null
2026-03-08 00:02:33.904 [boundedElastic-1] INFO  com.flora.ai.ecommerce.advisor.CustomStreamLoggerAndMessage2DBAdvisor - ## chunk: null
2026-03-08 00:02:33.907 [boundedElastic-1] INFO  com.flora.ai.ecommerce.advisor.CustomStreamLoggerAndMessage2DBAdvisor - ## chunk: null
2026-03-08 00:02:34.007 [boundedElastic-1] INFO  com.flora.ai.ecommerce.advisor.CustomStreamLoggerAndMessage2DBAdvisor - ## chunk: null
2026-03-08 00:02:34.011 [boundedElastic-1] INFO  com.flora.ai.ecommerce.advisor.CustomStreamLoggerAndMessage2DBAdvisor - ## chunk: null
2026-03-08 00:02:34.049 [boundedElastic-2] INFO  com.flora.ai.ecommerce.advisor.CustomStreamLoggerAndMessage2DBAdvisor - ## chunk: null
2026-03-08 00:02:34.052 [boundedElastic-2] INFO  com.flora.ai.ecommerce.advisor.CustomStreamLoggerAndMessage2DBAdvisor - ## chunk: null
2026-03-08 00:02:34.114 [boundedElastic-1] INFO  com.flora.ai.ecommerce.advisor.CustomStreamLoggerAndMessage2DBAdvisor - ## chunk: null
2026-03-08 00:02:34.118 [boundedElastic-1] INFO  com.flora.ai.ecommerce.advisor.CustomStreamLoggerAndMessage2DBAdvisor - ## chunk: null
2026-03-08 00:02:34.146 [boundedElastic-2] INFO  com.flora.ai.ecommerce.advisor.CustomStreamLoggerAndMessage2DBAdvisor - ## chunk: null
2026-03-08 00:02:34.151 [boundedElastic-2] INFO  com.flora.ai.ecommerce.advisor.CustomStreamLoggerAndMessage2DBAdvisor - ## chunk: null
2026-03-08 00:02:34.219 [boundedElastic-1] INFO  com.flora.ai.ecommerce.advisor.CustomStreamLoggerAndMessage2DBAdvisor - ## chunk: null
2026-03-08 00:02:34.221 [boundedElastic-1] INFO  com.flora.ai.ecommerce.advisor.CustomStreamLoggerAndMessage2DBAdvisor - ## chunk: null
2026-03-08 00:02:34.247 [boundedElastic-2] INFO  com.flora.ai.ecommerce.advisor.CustomStreamLoggerAndMessage2DBAdvisor - ## chunk: null
2026-03-08 00:02:34.249 [boundedElastic-2] INFO  com.flora.ai.ecommerce.advisor.CustomStreamLoggerAndMessage2DBAdvisor - ## chunk: null
2026-03-08 00:02:34.317 [boundedElastic-1] INFO  com.flora.ai.ecommerce.advisor.CustomStreamLoggerAndMessage2DBAdvisor - ## chunk: null
2026-03-08 00:02:34.320 [boundedElastic-1] INFO  com.flora.ai.ecommerce.advisor.CustomStreamLoggerAndMessage2DBAdvisor - ## chunk: null
2026-03-08 00:02:34.347 [boundedElastic-2] INFO  com.flora.ai.ecommerce.advisor.CustomStreamLoggerAndMessage2DBAdvisor - ## chunk: null
2026-03-08 00:02:34.350 [boundedElastic-2] INFO  com.flora.ai.ecommerce.advisor.CustomStreamLoggerAndMessage2DBAdvisor - ## chunk: null
2026-03-08 00:02:34.419 [boundedElastic-1] INFO  com.flora.ai.ecommerce.advisor.CustomStreamLoggerAndMessage2DBAdvisor - ## chunk: null
2026-03-08 00:02:34.424 [boundedElastic-1] INFO  com.flora.ai.ecommerce.advisor.CustomStreamLoggerAndMessage2DBAdvisor - ## chunk: null
2026-03-08 00:02:34.448 [boundedElastic-2] INFO  com.flora.ai.ecommerce.advisor.CustomStreamLoggerAndMessage2DBAdvisor - ## chunk: null
2026-03-08 00:02:34.453 [boundedElastic-2] INFO  com.flora.ai.ecommerce.advisor.CustomStreamLoggerAndMessage2DBAdvisor - ## chunk: null
2026-03-08 00:02:34.521 [boundedElastic-1] INFO  com.flora.ai.ecommerce.advisor.CustomStreamLoggerAndMessage2DBAdvisor - ## chunk: null
2026-03-08 00:02:34.526 [boundedElastic-1] INFO  com.flora.ai.ecommerce.advisor.CustomStreamLoggerAndMessage2DBAdvisor - ## chunk: null
2026-03-08 00:02:34.545 [boundedElastic-2] INFO  com.flora.ai.ecommerce.advisor.CustomStreamLoggerAndMessage2DBAdvisor - ## chunk: null
2026-03-08 00:02:34.548 [boundedElastic-2] INFO  com.flora.ai.ecommerce.advisor.CustomStreamLoggerAndMessage2DBAdvisor - ## chunk: null
2026-03-08 00:02:34.645 [boundedElastic-2] INFO  com.flora.ai.ecommerce.advisor.CustomStreamLoggerAndMessage2DBAdvisor - ## chunk: null
2026-03-08 00:02:34.646 [boundedElastic-2] INFO  com.flora.ai.ecommerce.advisor.CustomStreamLoggerAndMessage2DBAdvisor - ## chunk: null
2026-03-08 00:02:34.681 [boundedElastic-1] INFO  com.flora.ai.ecommerce.advisor.CustomStreamLoggerAndMessage2DBAdvisor - ## chunk: null
2026-03-08 00:02:34.687 [boundedElastic-1] INFO  com.flora.ai.ecommerce.advisor.CustomStreamLoggerAndMessage2DBAdvisor - ## chunk: null
2026-03-08 00:02:34.782 [boundedElastic-1] INFO  com.flora.ai.ecommerce.advisor.CustomStreamLoggerAndMessage2DBAdvisor - ## chunk: null
2026-03-08 00:02:34.785 [boundedElastic-1] INFO  com.flora.ai.ecommerce.advisor.CustomStreamLoggerAndMessage2DBAdvisor - ## chunk: null
2026-03-08 00:02:34.795 [boundedElastic-2] INFO  com.flora.ai.ecommerce.advisor.CustomStreamLoggerAndMessage2DBAdvisor - ## chunk: null
2026-03-08 00:02:34.797 [boundedElastic-2] INFO  com.flora.ai.ecommerce.advisor.CustomStreamLoggerAndMessage2DBAdvisor - ## chunk: null
2026-03-08 00:02:34.933 [boundedElastic-1] INFO  com.flora.ai.ecommerce.advisor.CustomStreamLoggerAndMessage2DBAdvisor - ## chunk: null
2026-03-08 00:02:34.938 [boundedElastic-1] INFO  com.flora.ai.ecommerce.advisor.CustomStreamLoggerAndMessage2DBAdvisor - ## chunk: null
2026-03-08 00:02:35.042 [boundedElastic-2] INFO  com.flora.ai.ecommerce.advisor.CustomStreamLoggerAndMessage2DBAdvisor - ## chunk: null
2026-03-08 00:02:35.043 [boundedElastic-2] INFO  com.flora.ai.ecommerce.advisor.CustomStreamLoggerAndMessage2DBAdvisor - ## chunk: null
2026-03-08 00:02:35.137 [boundedElastic-1] INFO  com.flora.ai.ecommerce.advisor.CustomStreamLoggerAndMessage2DBAdvisor - ## chunk: null
2026-03-08 00:02:35.140 [boundedElastic-1] INFO  com.flora.ai.ecommerce.advisor.CustomStreamLoggerAndMessage2DBAdvisor - ## chunk: null
2026-03-08 00:02:35.188 [boundedElastic-2] INFO  com.flora.ai.ecommerce.advisor.CustomStreamLoggerAndMessage2DBAdvisor - ## chunk: null
2026-03-08 00:02:35.193 [boundedElastic-2] INFO  com.flora.ai.ecommerce.advisor.CustomStreamLoggerAndMessage2DBAdvisor - ## chunk: null
2026-03-08 00:02:35.248 [boundedElastic-1] INFO  com.flora.ai.ecommerce.advisor.CustomStreamLoggerAndMessage2DBAdvisor - ## chunk: null
2026-03-08 00:02:35.253 [boundedElastic-1] INFO  com.flora.ai.ecommerce.advisor.CustomStreamLoggerAndMessage2DBAdvisor - ## chunk: null
2026-03-08 00:02:35.285 [boundedElastic-2] INFO  com.flora.ai.ecommerce.advisor.CustomStreamLoggerAndMessage2DBAdvisor - ## chunk: null
2026-03-08 00:02:35.289 [boundedElastic-2] INFO  com.flora.ai.ecommerce.advisor.CustomStreamLoggerAndMessage2DBAdvisor - ## chunk: null
2026-03-08 00:02:35.343 [boundedElastic-1] INFO  com.flora.ai.ecommerce.advisor.CustomStreamLoggerAndMessage2DBAdvisor - ## chunk: null
2026-03-08 00:02:35.349 [boundedElastic-1] INFO  com.flora.ai.ecommerce.advisor.CustomStreamLoggerAndMessage2DBAdvisor - ## chunk: null
2026-03-08 00:02:35.432 [boundedElastic-2] INFO  com.flora.ai.ecommerce.advisor.CustomStreamLoggerAndMessage2DBAdvisor - ## chunk: null
2026-03-08 00:02:35.436 [boundedElastic-2] INFO  com.flora.ai.ecommerce.advisor.CustomStreamLoggerAndMessage2DBAdvisor - ## chunk: null
2026-03-08 00:02:35.451 [boundedElastic-1] INFO  com.flora.ai.ecommerce.advisor.CustomStreamLoggerAndMessage2DBAdvisor - ## chunk: null
2026-03-08 00:02:35.455 [boundedElastic-1] INFO  com.flora.ai.ecommerce.advisor.CustomStreamLoggerAndMessage2DBAdvisor - ## chunk: null
2026-03-08 00:02:35.579 [boundedElastic-2] INFO  com.flora.ai.ecommerce.advisor.CustomStreamLoggerAndMessage2DBAdvisor - ## chunk: null
2026-03-08 00:02:35.585 [boundedElastic-2] INFO  com.flora.ai.ecommerce.advisor.CustomStreamLoggerAndMessage2DBAdvisor - ## chunk: null
2026-03-08 00:02:35.658 [boundedElastic-1] INFO  com.flora.ai.ecommerce.advisor.CustomStreamLoggerAndMessage2DBAdvisor - ## chunk: null
2026-03-08 00:02:35.665 [boundedElastic-1] INFO  com.flora.ai.ecommerce.advisor.CustomStreamLoggerAndMessage2DBAdvisor - ## chunk: null
2026-03-08 00:02:35.678 [boundedElastic-2] INFO  com.flora.ai.ecommerce.advisor.CustomStreamLoggerAndMessage2DBAdvisor - ## chunk: null
2026-03-08 00:02:35.678 [boundedElastic-2] INFO  com.flora.ai.ecommerce.advisor.CustomStreamLoggerAndMessage2DBAdvisor - ## chunk: null
2026-03-08 00:02:35.740 [http-nio-8080-exec-4] INFO  com.flora.ai.ecommerce.aspect.ApiOperationLogAspect - ====== 请求开始: [流式对话], 入参: {"message":"哪种洗面奶适合出油多的肤质？","chatId":"47432b63-43e4-4a8a-a933-821fa4418757","networkSearch":false,"modelName":"qwen3.5-plus","temperature":0.7}, 请求类: ChatController, 请求方法: chat =================================== 
2026-03-08 00:02:35.747 [http-nio-8080-exec-4] INFO  com.flora.ai.ecommerce.aspect.ApiOperationLogAspect - ====== 请求结束: [流式对话], 耗时: 7ms, 出参: {"scanAvailable":true,"prefetch":-1} =================================== 
2026-03-08 00:02:35.747 [http-nio-8080-exec-4] INFO  com.flora.ai.ecommerce.advisor.CustomChatMemoryAdvisor - ## 自定义聊天记忆 Advisor
2026-03-08 00:02:35.763 [boundedElastic-1] INFO  com.flora.ai.ecommerce.advisor.CustomStreamLoggerAndMessage2DBAdvisor - ## chunk: null
2026-03-08 00:02:35.766 [boundedElastic-1] INFO  com.flora.ai.ecommerce.advisor.CustomStreamLoggerAndMessage2DBAdvisor - ## chunk: null
2026-03-08 00:02:35.769 [boundedElastic-2] INFO  com.flora.ai.ecommerce.advisor.CustomStreamLoggerAndMessage2DBAdvisor - ## chunk: null
2026-03-08 00:02:35.774 [boundedElastic-2] INFO  com.flora.ai.ecommerce.advisor.CustomStreamLoggerAndMessage2DBAdvisor - ## chunk: null
2026-03-08 00:02:35.869 [boundedElastic-1] INFO  com.flora.ai.ecommerce.advisor.CustomStreamLoggerAndMessage2DBAdvisor - ## chunk: null
2026-03-08 00:02:35.869 [boundedElastic-2] INFO  com.flora.ai.ecommerce.advisor.CustomStreamLoggerAndMessage2DBAdvisor - ## chunk: null
2026-03-08 00:02:35.872 [boundedElastic-2] INFO  com.flora.ai.ecommerce.advisor.CustomStreamLoggerAndMessage2DBAdvisor - ## chunk: null
2026-03-08 00:02:35.874 [boundedElastic-1] INFO  com.flora.ai.ecommerce.advisor.CustomStreamLoggerAndMessage2DBAdvisor - ## chunk: null
2026-03-08 00:02:36.018 [boundedElastic-2] INFO  com.flora.ai.ecommerce.advisor.CustomStreamLoggerAndMessage2DBAdvisor - ## chunk: null
2026-03-08 00:02:36.020 [boundedElastic-2] INFO  com.flora.ai.ecommerce.advisor.CustomStreamLoggerAndMessage2DBAdvisor - ## chunk: null
2026-03-08 00:02:36.025 [boundedElastic-1] INFO  com.flora.ai.ecommerce.advisor.CustomStreamLoggerAndMessage2DBAdvisor - ## chunk: null
2026-03-08 00:02:36.025 [boundedElastic-1] INFO  com.flora.ai.ecommerce.advisor.CustomStreamLoggerAndMessage2DBAdvisor - ## chunk: null
2026-03-08 00:02:36.074 [boundedElastic-1] INFO  com.flora.ai.ecommerce.advisor.CustomStreamLoggerAndMessage2DBAdvisor - ## chunk: null
2026-03-08 00:02:36.079 [boundedElastic-1] INFO  com.flora.ai.ecommerce.advisor.CustomStreamLoggerAndMessage2DBAdvisor - ## chunk: null
2026-03-08 00:02:36.137 [boundedElastic-2] INFO  com.flora.ai.ecommerce.advisor.CustomStreamLoggerAndMessage2DBAdvisor - ## chunk: null
2026-03-08 00:02:36.138 [boundedElastic-2] INFO  com.flora.ai.ecommerce.advisor.CustomStreamLoggerAndMessage2DBAdvisor - ## chunk: null
2026-03-08 00:02:36.208 [boundedElastic-2] INFO  com.flora.ai.ecommerce.advisor.CustomStreamLoggerAndMessage2DBAdvisor - ## chunk: null
2026-03-08 00:02:36.213 [boundedElastic-2] INFO  com.flora.ai.ecommerce.advisor.CustomStreamLoggerAndMessage2DBAdvisor - ## chunk: null
2026-03-08 00:02:36.230 [boundedElastic-1] INFO  com.flora.ai.ecommerce.advisor.CustomStreamLoggerAndMessage2DBAdvisor - ## chunk: null
2026-03-08 00:02:36.233 [boundedElastic-1] INFO  com.flora.ai.ecommerce.advisor.CustomStreamLoggerAndMessage2DBAdvisor - ## chunk: null
2026-03-08 00:02:36.335 [boundedElastic-1] INFO  com.flora.ai.ecommerce.advisor.CustomStreamLoggerAndMessage2DBAdvisor - ## chunk: null
2026-03-08 00:02:36.339 [boundedElastic-1] INFO  com.flora.ai.ecommerce.advisor.CustomStreamLoggerAndMessage2DBAdvisor - ## chunk: null
2026-03-08 00:02:36.358 [boundedElastic-2] INFO  com.flora.ai.ecommerce.advisor.CustomStreamLoggerAndMessage2DBAdvisor - ## chunk: null
2026-03-08 00:02:36.363 [boundedElastic-2] INFO  com.flora.ai.ecommerce.advisor.CustomStreamLoggerAndMessage2DBAdvisor - ## chunk: null
2026-03-08 00:02:36.438 [boundedElastic-1] INFO  com.flora.ai.ecommerce.advisor.CustomStreamLoggerAndMessage2DBAdvisor - ## chunk: null
2026-03-08 00:02:36.447 [boundedElastic-1] INFO  com.flora.ai.ecommerce.advisor.CustomStreamLoggerAndMessage2DBAdvisor - ## chunk: null
2026-03-08 00:02:36.482 [boundedElastic-3] INFO  com.flora.ai.ecommerce.advisor.CustomStreamLoggerAndMessage2DBAdvisor - ## chunk: null
2026-03-08 00:02:36.536 [boundedElastic-3] INFO  com.flora.ai.ecommerce.advisor.CustomStreamLoggerAndMessage2DBAdvisor - ## chunk: null
2026-03-08 00:02:36.536 [boundedElastic-2] INFO  com.flora.ai.ecommerce.advisor.CustomStreamLoggerAndMessage2DBAdvisor - ## chunk: null
2026-03-08 00:02:36.537 [boundedElastic-2] INFO  com.flora.ai.ecommerce.advisor.CustomStreamLoggerAndMessage2DBAdvisor - ## chunk: null
2026-03-08 00:02:36.538 [boundedElastic-1] INFO  com.flora.ai.ecommerce.advisor.CustomStreamLoggerAndMessage2DBAdvisor - ## chunk: null
2026-03-08 00:02:36.544 [boundedElastic-1] INFO  com.flora.ai.ecommerce.advisor.CustomStreamLoggerAndMessage2DBAdvisor - ## chunk: null
2026-03-08 00:02:36.642 [boundedElastic-1] INFO  com.flora.ai.ecommerce.advisor.CustomStreamLoggerAndMessage2DBAdvisor - ## chunk: null
2026-03-08 00:02:36.646 [boundedElastic-1] INFO  com.flora.ai.ecommerce.advisor.CustomStreamLoggerAndMessage2DBAdvisor - ## chunk: null
2026-03-08 00:02:36.656 [boundedElastic-3] INFO  com.flora.ai.ecommerce.advisor.CustomStreamLoggerAndMessage2DBAdvisor - ## chunk: null
2026-03-08 00:02:36.659 [boundedElastic-3] INFO  com.flora.ai.ecommerce.advisor.CustomStreamLoggerAndMessage2DBAdvisor - ## chunk: null
2026-03-08 00:02:36.701 [boundedElastic-2] INFO  com.flora.ai.ecommerce.advisor.CustomStreamLoggerAndMessage2DBAdvisor - ## chunk: null
2026-03-08 00:02:36.703 [boundedElastic-2] INFO  com.flora.ai.ecommerce.advisor.CustomStreamLoggerAndMessage2DBAdvisor - ## chunk: null
2026-03-08 00:02:36.747 [boundedElastic-1] INFO  com.flora.ai.ecommerce.advisor.CustomStreamLoggerAndMessage2DBAdvisor - ## chunk: null
2026-03-08 00:02:36.750 [boundedElastic-1] INFO  com.flora.ai.ecommerce.advisor.CustomStreamLoggerAndMessage2DBAdvisor - ## chunk: null
2026-03-08 00:02:36.770 [boundedElastic-3] INFO  com.flora.ai.ecommerce.advisor.CustomStreamLoggerAndMessage2DBAdvisor - ## chunk: null
2026-03-08 00:02:36.773 [boundedElastic-3] INFO  com.flora.ai.ecommerce.advisor.CustomStreamLoggerAndMessage2DBAdvisor - ## chunk: null
2026-03-08 00:02:36.799 [boundedElastic-2] INFO  com.flora.ai.ecommerce.advisor.CustomStreamLoggerAndMessage2DBAdvisor - ## chunk: null
2026-03-08 00:02:36.801 [boundedElastic-2] INFO  com.flora.ai.ecommerce.advisor.CustomStreamLoggerAndMessage2DBAdvisor - ## chunk: null
2026-03-08 00:02:36.845 [boundedElastic-1] INFO  com.flora.ai.ecommerce.advisor.CustomStreamLoggerAndMessage2DBAdvisor - ## chunk: null
2026-03-08 00:02:36.852 [boundedElastic-1] INFO  com.flora.ai.ecommerce.advisor.CustomStreamLoggerAndMessage2DBAdvisor - ## chunk: null
2026-03-08 00:02:36.885 [boundedElastic-3] INFO  com.flora.ai.ecommerce.advisor.CustomStreamLoggerAndMessage2DBAdvisor - ## chunk: null
2026-03-08 00:02:36.889 [boundedElastic-3] INFO  com.flora.ai.ecommerce.advisor.CustomStreamLoggerAndMessage2DBAdvisor - ## chunk: null
2026-03-08 00:02:36.897 [boundedElastic-2] INFO  com.flora.ai.ecommerce.advisor.CustomStreamLoggerAndMessage2DBAdvisor - ## chunk: null
2026-03-08 00:02:36.939 [boundedElastic-2] INFO  com.flora.ai.ecommerce.advisor.CustomStreamLoggerAndMessage2DBAdvisor - ## chunk: null
2026-03-08 00:02:36.949 [boundedElastic-1] INFO  com.flora.ai.ecommerce.advisor.CustomStreamLoggerAndMessage2DBAdvisor - ## chunk: null
2026-03-08 00:02:36.953 [boundedElastic-1] INFO  com.flora.ai.ecommerce.advisor.CustomStreamLoggerAndMessage2DBAdvisor - ## chunk: null
2026-03-08 00:02:36.999 [boundedElastic-2] INFO  com.flora.ai.ecommerce.advisor.CustomStreamLoggerAndMessage2DBAdvisor - ## chunk: null
2026-03-08 00:02:37.001 [boundedElastic-3] INFO  com.flora.ai.ecommerce.advisor.CustomStreamLoggerAndMessage2DBAdvisor - ## chunk: null
2026-03-08 00:02:37.001 [boundedElastic-2] INFO  com.flora.ai.ecommerce.advisor.CustomStreamLoggerAndMessage2DBAdvisor - ## chunk: null
2026-03-08 00:02:37.005 [boundedElastic-3] INFO  com.flora.ai.ecommerce.advisor.CustomStreamLoggerAndMessage2DBAdvisor - ## chunk: null
2026-03-08 00:02:37.056 [boundedElastic-1] INFO  com.flora.ai.ecommerce.advisor.CustomStreamLoggerAndMessage2DBAdvisor - ## chunk: null
2026-03-08 00:02:37.059 [boundedElastic-1] INFO  com.flora.ai.ecommerce.advisor.CustomStreamLoggerAndMessage2DBAdvisor - ## chunk: null
2026-03-08 00:02:37.096 [boundedElastic-2] INFO  com.flora.ai.ecommerce.advisor.CustomStreamLoggerAndMessage2DBAdvisor - ## chunk: null
2026-03-08 00:02:37.099 [boundedElastic-2] INFO  com.flora.ai.ecommerce.advisor.CustomStreamLoggerAndMessage2DBAdvisor - ## chunk: null
2026-03-08 00:02:37.115 [boundedElastic-3] INFO  com.flora.ai.ecommerce.advisor.CustomStreamLoggerAndMessage2DBAdvisor - ## chunk: null
2026-03-08 00:02:37.117 [boundedElastic-3] INFO  com.flora.ai.ecommerce.advisor.CustomStreamLoggerAndMessage2DBAdvisor - ## chunk: null
2026-03-08 00:02:37.203 [boundedElastic-1] INFO  com.flora.ai.ecommerce.advisor.CustomStreamLoggerAndMessage2DBAdvisor - ## chunk: null
2026-03-08 00:02:37.210 [boundedElastic-1] INFO  com.flora.ai.ecommerce.advisor.CustomStreamLoggerAndMessage2DBAdvisor - ## chunk: null
2026-03-08 00:02:37.229 [boundedElastic-3] INFO  com.flora.ai.ecommerce.advisor.CustomStreamLoggerAndMessage2DBAdvisor - ## chunk: null
2026-03-08 00:02:37.232 [boundedElastic-3] INFO  com.flora.ai.ecommerce.advisor.CustomStreamLoggerAndMessage2DBAdvisor - ## chunk: null
2026-03-08 00:02:37.242 [boundedElastic-2] INFO  com.flora.ai.ecommerce.advisor.CustomStreamLoggerAndMessage2DBAdvisor - ## chunk: null
2026-03-08 00:02:37.245 [boundedElastic-2] INFO  com.flora.ai.ecommerce.advisor.CustomStreamLoggerAndMessage2DBAdvisor - ## chunk: null
2026-03-08 00:02:37.269 [boundedElastic-1] INFO  com.flora.ai.ecommerce.advisor.CustomStreamLoggerAndMessage2DBAdvisor - ## chunk: null
2026-03-08 00:02:37.274 [boundedElastic-1] INFO  com.flora.ai.ecommerce.advisor.CustomStreamLoggerAndMessage2DBAdvisor - ## chunk: null
2026-03-08 00:02:37.343 [boundedElastic-2] INFO  com.flora.ai.ecommerce.advisor.CustomStreamLoggerAndMessage2DBAdvisor - ## chunk: null
2026-03-08 00:02:37.345 [boundedElastic-2] INFO  com.flora.ai.ecommerce.advisor.CustomStreamLoggerAndMessage2DBAdvisor - ## chunk: null
2026-03-08 00:02:37.348 [boundedElastic-3] INFO  com.flora.ai.ecommerce.advisor.CustomStreamLoggerAndMessage2DBAdvisor - ## chunk: null
2026-03-08 00:02:37.363 [boundedElastic-3] INFO  com.flora.ai.ecommerce.advisor.CustomStreamLoggerAndMessage2DBAdvisor - ## chunk: null
2026-03-08 00:02:37.379 [boundedElastic-1] INFO  com.flora.ai.ecommerce.advisor.CustomStreamLoggerAndMessage2DBAdvisor - ## chunk: null
2026-03-08 00:02:37.379 [boundedElastic-1] INFO  com.flora.ai.ecommerce.advisor.CustomStreamLoggerAndMessage2DBAdvisor - ## chunk: null
2026-03-08 00:02:37.460 [boundedElastic-3] INFO  com.flora.ai.ecommerce.advisor.CustomStreamLoggerAndMessage2DBAdvisor - ## chunk: null
2026-03-08 00:02:37.463 [boundedElastic-3] INFO  com.flora.ai.ecommerce.advisor.CustomStreamLoggerAndMessage2DBAdvisor - ## chunk: null
2026-03-08 00:02:37.493 [boundedElastic-2] INFO  com.flora.ai.ecommerce.advisor.CustomStreamLoggerAndMessage2DBAdvisor - ## chunk: null
2026-03-08 00:02:37.495 [boundedElastic-2] INFO  com.flora.ai.ecommerce.advisor.CustomStreamLoggerAndMessage2DBAdvisor - ## chunk: null
2026-03-08 00:02:37.538 [boundedElastic-1] INFO  com.flora.ai.ecommerce.advisor.CustomStreamLoggerAndMessage2DBAdvisor - ## chunk: null
2026-03-08 00:02:37.543 [boundedElastic-1] INFO  com.flora.ai.ecommerce.advisor.CustomStreamLoggerAndMessage2DBAdvisor - ## chunk: null
2026-03-08 00:02:37.627 [boundedElastic-3] INFO  com.flora.ai.ecommerce.advisor.CustomStreamLoggerAndMessage2DBAdvisor - ## chunk: null
2026-03-08 00:02:37.630 [boundedElastic-3] INFO  com.flora.ai.ecommerce.advisor.CustomStreamLoggerAndMessage2DBAdvisor - ## chunk: null
2026-03-08 00:02:37.638 [boundedElastic-2] INFO  com.flora.ai.ecommerce.advisor.CustomStreamLoggerAndMessage2DBAdvisor - ## chunk: null
2026-03-08 00:02:37.641 [boundedElastic-2] INFO  com.flora.ai.ecommerce.advisor.CustomStreamLoggerAndMessage2DBAdvisor - ## chunk: null
2026-03-08 00:02:37.641 [boundedElastic-1] INFO  com.flora.ai.ecommerce.advisor.CustomStreamLoggerAndMessage2DBAdvisor - ## chunk: null
2026-03-08 00:02:37.647 [boundedElastic-1] INFO  com.flora.ai.ecommerce.advisor.CustomStreamLoggerAndMessage2DBAdvisor - ## chunk: null
2026-03-08 00:02:37.740 [boundedElastic-3] INFO  com.flora.ai.ecommerce.advisor.CustomStreamLoggerAndMessage2DBAdvisor - ## chunk: null
2026-03-08 00:02:37.743 [boundedElastic-3] INFO  com.flora.ai.ecommerce.advisor.CustomStreamLoggerAndMessage2DBAdvisor - ## chunk: null
2026-03-08 00:02:37.744 [boundedElastic-1] INFO  com.flora.ai.ecommerce.advisor.CustomStreamLoggerAndMessage2DBAdvisor - ## chunk: null
2026-03-08 00:02:37.751 [boundedElastic-1] INFO  com.flora.ai.ecommerce.advisor.CustomStreamLoggerAndMessage2DBAdvisor - ## chunk: null
2026-03-08 00:02:37.783 [boundedElastic-2] INFO  com.flora.ai.ecommerce.advisor.CustomStreamLoggerAndMessage2DBAdvisor - ## chunk: null
2026-03-08 00:02:37.787 [boundedElastic-2] INFO  com.flora.ai.ecommerce.advisor.CustomStreamLoggerAndMessage2DBAdvisor - ## chunk: null
2026-03-08 00:02:37.849 [boundedElastic-1] INFO  com.flora.ai.ecommerce.advisor.CustomStreamLoggerAndMessage2DBAdvisor - ## chunk: null
2026-03-08 00:02:37.852 [boundedElastic-1] INFO  com.flora.ai.ecommerce.advisor.CustomStreamLoggerAndMessage2DBAdvisor - ## chunk: null
2026-03-08 00:02:37.854 [boundedElastic-3] INFO  com.flora.ai.ecommerce.advisor.CustomStreamLoggerAndMessage2DBAdvisor - ## chunk: null
2026-03-08 00:02:37.857 [boundedElastic-3] INFO  com.flora.ai.ecommerce.advisor.CustomStreamLoggerAndMessage2DBAdvisor - ## chunk: null
2026-03-08 00:02:37.921 [boundedElastic-2] INFO  com.flora.ai.ecommerce.advisor.CustomStreamLoggerAndMessage2DBAdvisor - ## chunk: null
2026-03-08 00:02:37.923 [boundedElastic-2] INFO  com.flora.ai.ecommerce.advisor.CustomStreamLoggerAndMessage2DBAdvisor - ## chunk: null
2026-03-08 00:02:37.949 [boundedElastic-1] INFO  com.flora.ai.ecommerce.advisor.CustomStreamLoggerAndMessage2DBAdvisor - ## chunk: null
2026-03-08 00:02:37.954 [boundedElastic-1] INFO  com.flora.ai.ecommerce.advisor.CustomStreamLoggerAndMessage2DBAdvisor - ## chunk: null
2026-03-08 00:02:37.967 [boundedElastic-3] INFO  com.flora.ai.ecommerce.advisor.CustomStreamLoggerAndMessage2DBAdvisor - ## chunk: null
2026-03-08 00:02:37.968 [boundedElastic-3] INFO  com.flora.ai.ecommerce.advisor.CustomStreamLoggerAndMessage2DBAdvisor - ## chunk: null
2026-03-08 00:02:38.066 [boundedElastic-2] INFO  com.flora.ai.ecommerce.advisor.CustomStreamLoggerAndMessage2DBAdvisor - ## chunk: null
2026-03-08 00:02:38.070 [boundedElastic-2] INFO  com.flora.ai.ecommerce.advisor.CustomStreamLoggerAndMessage2DBAdvisor - ## chunk: null
2026-03-08 00:02:38.083 [boundedElastic-3] INFO  com.flora.ai.ecommerce.advisor.CustomStreamLoggerAndMessage2DBAdvisor - ## chunk: null
2026-03-08 00:02:38.116 [boundedElastic-1] INFO  com.flora.ai.ecommerce.advisor.CustomStreamLoggerAndMessage2DBAdvisor - ## chunk: null
2026-03-08 00:02:38.118 [boundedElastic-1] INFO  com.flora.ai.ecommerce.advisor.CustomStreamLoggerAndMessage2DBAdvisor - ## chunk: null
2026-03-08 00:02:38.126 [boundedElastic-3] INFO  com.flora.ai.ecommerce.advisor.CustomStreamLoggerAndMessage2DBAdvisor - ## chunk: null
2026-03-08 00:02:38.168 [boundedElastic-2] INFO  com.flora.ai.ecommerce.advisor.CustomStreamLoggerAndMessage2DBAdvisor - ## chunk: null
2026-03-08 00:02:38.168 [boundedElastic-2] INFO  com.flora.ai.ecommerce.advisor.CustomStreamLoggerAndMessage2DBAdvisor - ## chunk: null
2026-03-08 00:02:38.196 [boundedElastic-3] INFO  com.flora.ai.ecommerce.advisor.CustomStreamLoggerAndMessage2DBAdvisor - ## chunk: null
2026-03-08 00:02:38.198 [boundedElastic-3] INFO  com.flora.ai.ecommerce.advisor.CustomStreamLoggerAndMessage2DBAdvisor - ## chunk: null
2026-03-08 00:02:38.266 [boundedElastic-2] INFO  com.flora.ai.ecommerce.advisor.CustomStreamLoggerAndMessage2DBAdvisor - ## chunk: null
2026-03-08 00:02:38.267 [boundedElastic-2] INFO  com.flora.ai.ecommerce.advisor.CustomStreamLoggerAndMessage2DBAdvisor - ## chunk: null
2026-03-08 00:02:38.278 [boundedElastic-1] INFO  com.flora.ai.ecommerce.advisor.CustomStreamLoggerAndMessage2DBAdvisor - ## chunk: null
2026-03-08 00:02:38.283 [boundedElastic-1] INFO  com.flora.ai.ecommerce.advisor.CustomStreamLoggerAndMessage2DBAdvisor - ## chunk: null
2026-03-08 00:02:38.309 [boundedElastic-3] INFO  com.flora.ai.ecommerce.advisor.CustomStreamLoggerAndMessage2DBAdvisor - ## chunk: null
2026-03-08 00:02:38.312 [boundedElastic-3] INFO  com.flora.ai.ecommerce.advisor.CustomStreamLoggerAndMessage2DBAdvisor - ## chunk: null
2026-03-08 00:02:38.388 [boundedElastic-1] INFO  com.flora.ai.ecommerce.advisor.CustomStreamLoggerAndMessage2DBAdvisor - ## chunk: null
2026-03-08 00:02:38.393 [boundedElastic-1] INFO  com.flora.ai.ecommerce.advisor.CustomStreamLoggerAndMessage2DBAdvisor - ## chunk: null
2026-03-08 00:02:38.417 [boundedElastic-2] INFO  com.flora.ai.ecommerce.advisor.CustomStreamLoggerAndMessage2DBAdvisor - ## chunk: null
2026-03-08 00:02:38.422 [boundedElastic-2] INFO  com.flora.ai.ecommerce.advisor.CustomStreamLoggerAndMessage2DBAdvisor - ## chunk: null
2026-03-08 00:02:38.475 [boundedElastic-3] INFO  com.flora.ai.ecommerce.advisor.CustomStreamLoggerAndMessage2DBAdvisor - ## chunk: null
2026-03-08 00:02:38.479 [boundedElastic-3] INFO  com.flora.ai.ecommerce.advisor.CustomStreamLoggerAndMessage2DBAdvisor - ## chunk: null
2026-03-08 00:02:38.500 [boundedElastic-1] INFO  com.flora.ai.ecommerce.advisor.CustomStreamLoggerAndMessage2DBAdvisor - ## chunk: null
2026-03-08 00:02:38.503 [boundedElastic-1] INFO  com.flora.ai.ecommerce.advisor.CustomStreamLoggerAndMessage2DBAdvisor - ## chunk: null
2026-03-08 00:02:38.569 [boundedElastic-2] INFO  com.flora.ai.ecommerce.advisor.CustomStreamLoggerAndMessage2DBAdvisor - ## chunk: null
2026-03-08 00:02:38.571 [boundedElastic-2] INFO  com.flora.ai.ecommerce.advisor.CustomStreamLoggerAndMessage2DBAdvisor - ## chunk: null
2026-03-08 00:02:38.586 [boundedElastic-3] INFO  com.flora.ai.ecommerce.advisor.CustomStreamLoggerAndMessage2DBAdvisor - ## chunk: null
2026-03-08 00:02:38.588 [boundedElastic-3] INFO  com.flora.ai.ecommerce.advisor.CustomStreamLoggerAndMessage2DBAdvisor - ## chunk: null
2026-03-08 00:02:38.670 [boundedElastic-2] INFO  com.flora.ai.ecommerce.advisor.CustomStreamLoggerAndMessage2DBAdvisor - ## chunk: null
2026-03-08 00:02:38.671 [boundedElastic-2] INFO  com.flora.ai.ecommerce.advisor.CustomStreamLoggerAndMessage2DBAdvisor - ## chunk: null
2026-03-08 00:02:38.697 [boundedElastic-1] INFO  com.flora.ai.ecommerce.advisor.CustomStreamLoggerAndMessage2DBAdvisor - ## chunk: null
2026-03-08 00:02:38.707 [boundedElastic-1] INFO  com.flora.ai.ecommerce.advisor.CustomStreamLoggerAndMessage2DBAdvisor - ## chunk: null
2026-03-08 00:02:38.712 [boundedElastic-1] INFO  com.flora.ai.ecommerce.advisor.CustomStreamLoggerAndMessage2DBAdvisor - ## chunk: null
2026-03-08 00:02:38.718 [boundedElastic-1] INFO  com.flora.ai.ecommerce.advisor.CustomStreamLoggerAndMessage2DBAdvisor - ## chunk: null
2026-03-08 00:02:38.752 [boundedElastic-3] INFO  com.flora.ai.ecommerce.advisor.CustomStreamLoggerAndMessage2DBAdvisor - ## chunk: null
2026-03-08 00:02:38.754 [boundedElastic-3] INFO  com.flora.ai.ecommerce.advisor.CustomStreamLoggerAndMessage2DBAdvisor - ## chunk: null
2026-03-08 00:02:38.772 [boundedElastic-2] INFO  com.flora.ai.ecommerce.advisor.CustomStreamLoggerAndMessage2DBAdvisor - ## chunk: null
2026-03-08 00:02:38.774 [boundedElastic-2] INFO  com.flora.ai.ecommerce.advisor.CustomStreamLoggerAndMessage2DBAdvisor - ## chunk: null
2026-03-08 00:02:38.880 [boundedElastic-1] INFO  com.flora.ai.ecommerce.advisor.CustomStreamLoggerAndMessage2DBAdvisor - ## chunk: null
2026-03-08 00:02:38.884 [boundedElastic-1] INFO  com.flora.ai.ecommerce.advisor.CustomStreamLoggerAndMessage2DBAdvisor - ## chunk: null
2026-03-08 00:02:38.925 [boundedElastic-3] INFO  com.flora.ai.ecommerce.advisor.CustomStreamLoggerAndMessage2DBAdvisor - ## chunk: null
2026-03-08 00:02:38.925 [boundedElastic-3] INFO  com.flora.ai.ecommerce.advisor.CustomStreamLoggerAndMessage2DBAdvisor - ## chunk: null
2026-03-08 00:02:38.935 [boundedElastic-2] INFO  com.flora.ai.ecommerce.advisor.CustomStreamLoggerAndMessage2DBAdvisor - ## chunk: null
2026-03-08 00:02:38.937 [boundedElastic-2] INFO  com.flora.ai.ecommerce.advisor.CustomStreamLoggerAndMessage2DBAdvisor - ## chunk: null
2026-03-08 00:02:38.990 [boundedElastic-1] INFO  com.flora.ai.ecommerce.advisor.CustomStreamLoggerAndMessage2DBAdvisor - ## chunk: null
2026-03-08 00:02:38.995 [boundedElastic-1] INFO  com.flora.ai.ecommerce.advisor.CustomStreamLoggerAndMessage2DBAdvisor - ## chunk: null
2026-03-08 00:02:39.022 [boundedElastic-2] INFO  com.flora.ai.ecommerce.advisor.CustomStreamLoggerAndMessage2DBAdvisor - ## chunk: null
2026-03-08 00:02:39.024 [boundedElastic-2] INFO  com.flora.ai.ecommerce.advisor.CustomStreamLoggerAndMessage2DBAdvisor - ## chunk: null
2026-03-08 00:02:39.031 [boundedElastic-3] INFO  com.flora.ai.ecommerce.advisor.CustomStreamLoggerAndMessage2DBAdvisor - ## chunk: null
2026-03-08 00:02:39.034 [boundedElastic-3] INFO  com.flora.ai.ecommerce.advisor.CustomStreamLoggerAndMessage2DBAdvisor - ## chunk: null
2026-03-08 00:02:39.113 [boundedElastic-2] INFO  com.flora.ai.ecommerce.advisor.CustomStreamLoggerAndMessage2DBAdvisor - ## chunk: null
2026-03-08 00:02:39.118 [boundedElastic-2] INFO  com.flora.ai.ecommerce.advisor.CustomStreamLoggerAndMessage2DBAdvisor - ## chunk: null
2026-03-08 00:02:39.143 [boundedElastic-1] INFO  com.flora.ai.ecommerce.advisor.CustomStreamLoggerAndMessage2DBAdvisor - ## chunk: null
2026-03-08 00:02:39.150 [boundedElastic-1] INFO  com.flora.ai.ecommerce.advisor.CustomStreamLoggerAndMessage2DBAdvisor - ## chunk: null
2026-03-08 00:02:39.197 [boundedElastic-3] INFO  com.flora.ai.ecommerce.advisor.CustomStreamLoggerAndMessage2DBAdvisor - ## chunk: null
2026-03-08 00:02:39.200 [boundedElastic-3] INFO  com.flora.ai.ecommerce.advisor.CustomStreamLoggerAndMessage2DBAdvisor - ## chunk: null
2026-03-08 00:02:39.247 [boundedElastic-1] INFO  com.flora.ai.ecommerce.advisor.CustomStreamLoggerAndMessage2DBAdvisor - ## chunk: null
2026-03-08 00:02:39.251 [boundedElastic-1] INFO  com.flora.ai.ecommerce.advisor.CustomStreamLoggerAndMessage2DBAdvisor - ## chunk: null
2026-03-08 00:02:39.254 [boundedElastic-2] INFO  com.flora.ai.ecommerce.advisor.CustomStreamLoggerAndMessage2DBAdvisor - ## chunk: null
2026-03-08 00:02:39.257 [boundedElastic-2] INFO  com.flora.ai.ecommerce.advisor.CustomStreamLoggerAndMessage2DBAdvisor - ## chunk: null
2026-03-08 00:02:39.302 [boundedElastic-3] INFO  com.flora.ai.ecommerce.advisor.CustomStreamLoggerAndMessage2DBAdvisor - ## chunk: null
2026-03-08 00:02:39.307 [boundedElastic-3] INFO  com.flora.ai.ecommerce.advisor.CustomStreamLoggerAndMessage2DBAdvisor - ## chunk: null
2026-03-08 00:02:39.348 [boundedElastic-2] INFO  com.flora.ai.ecommerce.advisor.CustomStreamLoggerAndMessage2DBAdvisor - ## chunk: null
2026-03-08 00:02:39.388 [boundedElastic-2] INFO  com.flora.ai.ecommerce.advisor.CustomStreamLoggerAndMessage2DBAdvisor - ## chunk: null
2026-03-08 00:02:39.406 [boundedElastic-1] INFO  com.flora.ai.ecommerce.advisor.CustomStreamLoggerAndMessage2DBAdvisor - ## chunk: null
2026-03-08 00:02:39.411 [boundedElastic-1] INFO  com.flora.ai.ecommerce.advisor.CustomStreamLoggerAndMessage2DBAdvisor - ## chunk: null
2026-03-08 00:02:39.419 [boundedElastic-3] INFO  com.flora.ai.ecommerce.advisor.CustomStreamLoggerAndMessage2DBAdvisor - ## chunk: null
2026-03-08 00:02:39.420 [boundedElastic-3] INFO  com.flora.ai.ecommerce.advisor.CustomStreamLoggerAndMessage2DBAdvisor - ## chunk: null
2026-03-08 00:02:39.493 [boundedElastic-2] INFO  com.flora.ai.ecommerce.advisor.CustomStreamLoggerAndMessage2DBAdvisor - ## chunk: null
2026-03-08 00:02:39.496 [boundedElastic-2] INFO  com.flora.ai.ecommerce.advisor.CustomStreamLoggerAndMessage2DBAdvisor - ## chunk: null
2026-03-08 00:02:39.530 [boundedElastic-3] INFO  com.flora.ai.ecommerce.advisor.CustomStreamLoggerAndMessage2DBAdvisor - ## chunk: null
2026-03-08 00:02:39.534 [boundedElastic-3] INFO  com.flora.ai.ecommerce.advisor.CustomStreamLoggerAndMessage2DBAdvisor - ## chunk: null
2026-03-08 00:02:39.571 [boundedElastic-1] INFO  com.flora.ai.ecommerce.advisor.CustomStreamLoggerAndMessage2DBAdvisor - ## chunk: null
2026-03-08 00:02:39.575 [boundedElastic-1] INFO  com.flora.ai.ecommerce.advisor.CustomStreamLoggerAndMessage2DBAdvisor - ## chunk: null
2026-03-08 00:02:39.588 [boundedElastic-2] INFO  com.flora.ai.ecommerce.advisor.CustomStreamLoggerAndMessage2DBAdvisor - ## chunk: null
2026-03-08 00:02:39.592 [boundedElastic-2] INFO  com.flora.ai.ecommerce.advisor.CustomStreamLoggerAndMessage2DBAdvisor - ## chunk: null
2026-03-08 00:02:39.638 [boundedElastic-3] INFO  com.flora.ai.ecommerce.advisor.CustomStreamLoggerAndMessage2DBAdvisor - ## chunk: null
2026-03-08 00:02:39.639 [boundedElastic-3] INFO  com.flora.ai.ecommerce.advisor.CustomStreamLoggerAndMessage2DBAdvisor - ## chunk: null
2026-03-08 00:02:39.685 [boundedElastic-2] INFO  com.flora.ai.ecommerce.advisor.CustomStreamLoggerAndMessage2DBAdvisor - ## chunk: null
2026-03-08 00:02:39.686 [boundedElastic-2] INFO  com.flora.ai.ecommerce.advisor.CustomStreamLoggerAndMessage2DBAdvisor - ## chunk: null
2026-03-08 00:02:39.725 [boundedElastic-1] INFO  com.flora.ai.ecommerce.advisor.CustomStreamLoggerAndMessage2DBAdvisor - ## chunk: null
2026-03-08 00:02:39.733 [boundedElastic-1] INFO  com.flora.ai.ecommerce.advisor.CustomStreamLoggerAndMessage2DBAdvisor - ## chunk: null
2026-03-08 00:02:39.748 [boundedElastic-3] INFO  com.flora.ai.ecommerce.advisor.CustomStreamLoggerAndMessage2DBAdvisor - ## chunk: null
2026-03-08 00:02:39.752 [boundedElastic-3] INFO  com.flora.ai.ecommerce.advisor.CustomStreamLoggerAndMessage2DBAdvisor - ## chunk: null
2026-03-08 00:02:39.788 [boundedElastic-2] INFO  com.flora.ai.ecommerce.advisor.CustomStreamLoggerAndMessage2DBAdvisor - ## chunk: null
2026-03-08 00:02:39.791 [boundedElastic-2] INFO  com.flora.ai.ecommerce.advisor.CustomStreamLoggerAndMessage2DBAdvisor - ## chunk: null
2026-03-08 00:02:39.833 [boundedElastic-1] INFO  com.flora.ai.ecommerce.advisor.CustomStreamLoggerAndMessage2DBAdvisor - ## chunk: null
2026-03-08 00:02:39.838 [boundedElastic-1] INFO  com.flora.ai.ecommerce.advisor.CustomStreamLoggerAndMessage2DBAdvisor - ## chunk: null
2026-03-08 00:02:39.858 [boundedElastic-3] INFO  com.flora.ai.ecommerce.advisor.CustomStreamLoggerAndMessage2DBAdvisor - ## chunk: null
2026-03-08 00:02:39.862 [boundedElastic-3] INFO  com.flora.ai.ecommerce.advisor.CustomStreamLoggerAndMessage2DBAdvisor - ## chunk: null
2026-03-08 00:02:39.893 [boundedElastic-2] INFO  com.flora.ai.ecommerce.advisor.CustomStreamLoggerAndMessage2DBAdvisor - ## chunk: null
2026-03-08 00:02:39.895 [boundedElastic-2] INFO  com.flora.ai.ecommerce.advisor.CustomStreamLoggerAndMessage2DBAdvisor - ## chunk: null
2026-03-08 00:02:39.940 [boundedElastic-1] INFO  com.flora.ai.ecommerce.advisor.CustomStreamLoggerAndMessage2DBAdvisor - ## chunk: null
2026-03-08 00:02:39.942 [boundedElastic-1] INFO  com.flora.ai.ecommerce.advisor.CustomStreamLoggerAndMessage2DBAdvisor - ## chunk: null
2026-03-08 00:02:40.000 [boundedElastic-2] INFO  com.flora.ai.ecommerce.advisor.CustomStreamLoggerAndMessage2DBAdvisor - ## chunk: null
2026-03-08 00:02:40.002 [boundedElastic-2] INFO  com.flora.ai.ecommerce.advisor.CustomStreamLoggerAndMessage2DBAdvisor - ## chunk: null
2026-03-08 00:02:40.032 [boundedElastic-3] INFO  com.flora.ai.ecommerce.advisor.CustomStreamLoggerAndMessage2DBAdvisor - ## chunk: null
2026-03-08 00:02:40.033 [boundedElastic-3] INFO  com.flora.ai.ecommerce.advisor.CustomStreamLoggerAndMessage2DBAdvisor - ## chunk: null
2026-03-08 00:02:40.081 [boundedElastic-1] INFO  com.flora.ai.ecommerce.advisor.CustomStreamLoggerAndMessage2DBAdvisor - ## chunk: null
2026-03-08 00:02:40.088 [boundedElastic-1] INFO  com.flora.ai.ecommerce.advisor.CustomStreamLoggerAndMessage2DBAdvisor - ## chunk: null
2026-03-08 00:02:40.102 [boundedElastic-2] INFO  com.flora.ai.ecommerce.advisor.CustomStreamLoggerAndMessage2DBAdvisor - ## chunk: null
2026-03-08 00:02:40.105 [boundedElastic-2] INFO  com.flora.ai.ecommerce.advisor.CustomStreamLoggerAndMessage2DBAdvisor - ## chunk: null
2026-03-08 00:02:40.153 [boundedElastic-1] INFO  com.flora.ai.ecommerce.advisor.CustomStreamLoggerAndMessage2DBAdvisor - ## chunk: null
2026-03-08 00:02:40.157 [boundedElastic-1] INFO  com.flora.ai.ecommerce.advisor.CustomStreamLoggerAndMessage2DBAdvisor - ## chunk: null
2026-03-08 00:02:40.183 [boundedElastic-3] INFO  com.flora.ai.ecommerce.advisor.CustomStreamLoggerAndMessage2DBAdvisor - ## chunk: null
2026-03-08 00:02:40.185 [boundedElastic-3] INFO  com.flora.ai.ecommerce.advisor.CustomStreamLoggerAndMessage2DBAdvisor - ## chunk: null
2026-03-08 00:02:40.203 [boundedElastic-2] INFO  com.flora.ai.ecommerce.advisor.CustomStreamLoggerAndMessage2DBAdvisor - ## chunk: null
2026-03-08 00:02:40.205 [boundedElastic-2] INFO  com.flora.ai.ecommerce.advisor.CustomStreamLoggerAndMessage2DBAdvisor - ## chunk: null
2026-03-08 00:02:40.256 [boundedElastic-1] INFO  com.flora.ai.ecommerce.advisor.CustomStreamLoggerAndMessage2DBAdvisor - ## chunk: null
2026-03-08 00:02:40.261 [boundedElastic-1] INFO  com.flora.ai.ecommerce.advisor.CustomStreamLoggerAndMessage2DBAdvisor - ## chunk: null
2026-03-08 00:02:40.288 [boundedElastic-3] INFO  com.flora.ai.ecommerce.advisor.CustomStreamLoggerAndMessage2DBAdvisor - ## chunk: null
2026-03-08 00:02:40.290 [boundedElastic-3] INFO  com.flora.ai.ecommerce.advisor.CustomStreamLoggerAndMessage2DBAdvisor - ## chunk: null
2026-03-08 00:02:40.357 [boundedElastic-2] INFO  com.flora.ai.ecommerce.advisor.CustomStreamLoggerAndMessage2DBAdvisor - ## chunk: null
2026-03-08 00:02:40.360 [boundedElastic-2] INFO  com.flora.ai.ecommerce.advisor.CustomStreamLoggerAndMessage2DBAdvisor - ## chunk: null
2026-03-08 00:02:40.391 [boundedElastic-3] INFO  com.flora.ai.ecommerce.advisor.CustomStreamLoggerAndMessage2DBAdvisor - ## chunk: null
2026-03-08 00:02:40.393 [boundedElastic-3] INFO  com.flora.ai.ecommerce.advisor.CustomStreamLoggerAndMessage2DBAdvisor - ## chunk: null
2026-03-08 00:02:40.424 [boundedElastic-1] INFO  com.flora.ai.ecommerce.advisor.CustomStreamLoggerAndMessage2DBAdvisor - ## chunk: null
2026-03-08 00:02:40.424 [boundedElastic-1] INFO  com.flora.ai.ecommerce.advisor.CustomStreamLoggerAndMessage2DBAdvisor - ## chunk: null
2026-03-08 00:02:40.497 [boundedElastic-3] INFO  com.flora.ai.ecommerce.advisor.CustomStreamLoggerAndMessage2DBAdvisor - ## chunk: null
2026-03-08 00:02:40.500 [boundedElastic-3] INFO  com.flora.ai.ecommerce.advisor.CustomStreamLoggerAndMessage2DBAdvisor - ## chunk: null
2026-03-08 00:02:40.511 [boundedElastic-2] INFO  com.flora.ai.ecommerce.advisor.CustomStreamLoggerAndMessage2DBAdvisor - ## chunk: null
2026-03-08 00:02:40.513 [boundedElastic-2] INFO  com.flora.ai.ecommerce.advisor.CustomStreamLoggerAndMessage2DBAdvisor - ## chunk: null
2026-03-08 00:02:40.580 [boundedElastic-1] INFO  com.flora.ai.ecommerce.advisor.CustomStreamLoggerAndMessage2DBAdvisor - ## chunk: null
2026-03-08 00:02:40.583 [boundedElastic-1] INFO  com.flora.ai.ecommerce.advisor.CustomStreamLoggerAndMessage2DBAdvisor - ## chunk: null
2026-03-08 00:02:40.598 [boundedElastic-3] INFO  com.flora.ai.ecommerce.advisor.CustomStreamLoggerAndMessage2DBAdvisor - ## chunk: null
2026-03-08 00:02:40.603 [boundedElastic-3] INFO  com.flora.ai.ecommerce.advisor.CustomStreamLoggerAndMessage2DBAdvisor - ## chunk: null
2026-03-08 00:02:40.612 [boundedElastic-2] INFO  com.flora.ai.ecommerce.advisor.CustomStreamLoggerAndMessage2DBAdvisor - ## chunk: null
2026-03-08 00:02:40.655 [boundedElastic-2] INFO  com.flora.ai.ecommerce.advisor.CustomStreamLoggerAndMessage2DBAdvisor - ## chunk: null
2026-03-08 00:02:40.685 [boundedElastic-1] INFO  com.flora.ai.ecommerce.advisor.CustomStreamLoggerAndMessage2DBAdvisor - ## chunk: null
2026-03-08 00:02:40.688 [boundedElastic-1] INFO  com.flora.ai.ecommerce.advisor.CustomStreamLoggerAndMessage2DBAdvisor - ## chunk: null
2026-03-08 00:02:40.710 [boundedElastic-3] INFO  com.flora.ai.ecommerce.advisor.CustomStreamLoggerAndMessage2DBAdvisor - ## chunk: null
2026-03-08 00:02:40.712 [boundedElastic-3] INFO  com.flora.ai.ecommerce.advisor.CustomStreamLoggerAndMessage2DBAdvisor - ## chunk: null
2026-03-08 00:02:40.717 [boundedElastic-2] INFO  com.flora.ai.ecommerce.advisor.CustomStreamLoggerAndMessage2DBAdvisor - ## chunk: null
2026-03-08 00:02:40.719 [boundedElastic-2] INFO  com.flora.ai.ecommerce.advisor.CustomStreamLoggerAndMessage2DBAdvisor - ## chunk: null
2026-03-08 00:02:40.822 [boundedElastic-2] INFO  com.flora.ai.ecommerce.advisor.CustomStreamLoggerAndMessage2DBAdvisor - ## chunk: null
2026-03-08 00:02:40.822 [boundedElastic-2] INFO  com.flora.ai.ecommerce.advisor.CustomStreamLoggerAndMessage2DBAdvisor - ## chunk: null
2026-03-08 00:02:40.848 [boundedElastic-1] INFO  com.flora.ai.ecommerce.advisor.CustomStreamLoggerAndMessage2DBAdvisor - ## chunk: null
2026-03-08 00:02:40.852 [boundedElastic-1] INFO  com.flora.ai.ecommerce.advisor.CustomStreamLoggerAndMessage2DBAdvisor - ## chunk: null
2026-03-08 00:02:40.869 [boundedElastic-3] INFO  com.flora.ai.ecommerce.advisor.CustomStreamLoggerAndMessage2DBAdvisor - ## chunk: null
2026-03-08 00:02:40.873 [boundedElastic-3] INFO  com.flora.ai.ecommerce.advisor.CustomStreamLoggerAndMessage2DBAdvisor - ## chunk: null
2026-03-08 00:02:40.956 [boundedElastic-1] INFO  com.flora.ai.ecommerce.advisor.CustomStreamLoggerAndMessage2DBAdvisor - ## chunk: null
2026-03-08 00:02:40.961 [boundedElastic-1] INFO  com.flora.ai.ecommerce.advisor.CustomStreamLoggerAndMessage2DBAdvisor - ## chunk: null
2026-03-08 00:02:40.966 [boundedElastic-2] INFO  com.flora.ai.ecommerce.advisor.CustomStreamLoggerAndMessage2DBAdvisor - ## chunk: null
2026-03-08 00:02:40.969 [boundedElastic-2] INFO  com.flora.ai.ecommerce.advisor.CustomStreamLoggerAndMessage2DBAdvisor - ## chunk: null
2026-03-08 00:02:40.975 [boundedElastic-3] INFO  com.flora.ai.ecommerce.advisor.CustomStreamLoggerAndMessage2DBAdvisor - ## chunk: null
2026-03-08 00:02:40.980 [boundedElastic-3] INFO  com.flora.ai.ecommerce.advisor.CustomStreamLoggerAndMessage2DBAdvisor - ## chunk: null
2026-03-08 00:02:41.065 [boundedElastic-1] INFO  com.flora.ai.ecommerce.advisor.CustomStreamLoggerAndMessage2DBAdvisor - ## chunk: null
2026-03-08 00:02:41.065 [boundedElastic-2] INFO  com.flora.ai.ecommerce.advisor.CustomStreamLoggerAndMessage2DBAdvisor - ## chunk: null
2026-03-08 00:02:41.072 [boundedElastic-1] INFO  com.flora.ai.ecommerce.advisor.CustomStreamLoggerAndMessage2DBAdvisor - ## chunk: null
2026-03-08 00:02:41.082 [boundedElastic-3] INFO  com.flora.ai.ecommerce.advisor.CustomStreamLoggerAndMessage2DBAdvisor - ## chunk: null
2026-03-08 00:02:41.085 [boundedElastic-3] INFO  com.flora.ai.ecommerce.advisor.CustomStreamLoggerAndMessage2DBAdvisor - ## chunk: null
2026-03-08 00:02:41.109 [boundedElastic-2] INFO  com.flora.ai.ecommerce.advisor.CustomStreamLoggerAndMessage2DBAdvisor - ## chunk: null
2026-03-08 00:02:41.169 [boundedElastic-2] INFO  com.flora.ai.ecommerce.advisor.CustomStreamLoggerAndMessage2DBAdvisor - ## chunk: null
2026-03-08 00:02:41.170 [boundedElastic-2] INFO  com.flora.ai.ecommerce.advisor.CustomStreamLoggerAndMessage2DBAdvisor - ## chunk: null
2026-03-08 00:02:41.180 [boundedElastic-1] INFO  com.flora.ai.ecommerce.advisor.CustomStreamLoggerAndMessage2DBAdvisor - ## chunk: null
2026-03-08 00:02:41.180 [boundedElastic-1] INFO  com.flora.ai.ecommerce.advisor.CustomStreamLoggerAndMessage2DBAdvisor - ## chunk: null
2026-03-08 00:02:41.236 [boundedElastic-3] INFO  com.flora.ai.ecommerce.advisor.CustomStreamLoggerAndMessage2DBAdvisor - ## chunk: null
2026-03-08 00:02:41.236 [boundedElastic-3] INFO  com.flora.ai.ecommerce.advisor.CustomStreamLoggerAndMessage2DBAdvisor - ## chunk: null
2026-03-08 00:02:41.271 [boundedElastic-2] INFO  com.flora.ai.ecommerce.advisor.CustomStreamLoggerAndMessage2DBAdvisor - ## chunk: null
2026-03-08 00:02:41.276 [boundedElastic-2] INFO  com.flora.ai.ecommerce.advisor.CustomStreamLoggerAndMessage2DBAdvisor - ## chunk: null
2026-03-08 00:02:41.286 [boundedElastic-1] INFO  com.flora.ai.ecommerce.advisor.CustomStreamLoggerAndMessage2DBAdvisor - ## chunk: null
2026-03-08 00:02:41.291 [boundedElastic-1] INFO  com.flora.ai.ecommerce.advisor.CustomStreamLoggerAndMessage2DBAdvisor - ## chunk: null
2026-03-08 00:02:41.368 [boundedElastic-2] INFO  com.flora.ai.ecommerce.advisor.CustomStreamLoggerAndMessage2DBAdvisor - ## chunk: null
2026-03-08 00:02:41.371 [boundedElastic-2] INFO  com.flora.ai.ecommerce.advisor.CustomStreamLoggerAndMessage2DBAdvisor - ## chunk: null
2026-03-08 00:02:41.385 [boundedElastic-3] INFO  com.flora.ai.ecommerce.advisor.CustomStreamLoggerAndMessage2DBAdvisor - ## chunk: null
2026-03-08 00:02:41.391 [boundedElastic-3] INFO  com.flora.ai.ecommerce.advisor.CustomStreamLoggerAndMessage2DBAdvisor - ## chunk: null
2026-03-08 00:02:41.399 [boundedElastic-1] INFO  com.flora.ai.ecommerce.advisor.CustomStreamLoggerAndMessage2DBAdvisor - ## chunk: null
2026-03-08 00:02:41.404 [boundedElastic-1] INFO  com.flora.ai.ecommerce.advisor.CustomStreamLoggerAndMessage2DBAdvisor - ## chunk: null
2026-03-08 00:02:41.508 [boundedElastic-1] INFO  com.flora.ai.ecommerce.advisor.CustomStreamLoggerAndMessage2DBAdvisor - ## chunk: null
2026-03-08 00:02:41.511 [boundedElastic-1] INFO  com.flora.ai.ecommerce.advisor.CustomStreamLoggerAndMessage2DBAdvisor - ## chunk: null
2026-03-08 00:02:41.540 [boundedElastic-2] INFO  com.flora.ai.ecommerce.advisor.CustomStreamLoggerAndMessage2DBAdvisor - ## chunk: null
2026-03-08 00:02:41.543 [boundedElastic-2] INFO  com.flora.ai.ecommerce.advisor.CustomStreamLoggerAndMessage2DBAdvisor - ## chunk: null
2026-03-08 00:02:41.543 [boundedElastic-3] INFO  com.flora.ai.ecommerce.advisor.CustomStreamLoggerAndMessage2DBAdvisor - ## chunk: null
2026-03-08 00:02:41.549 [boundedElastic-3] INFO  com.flora.ai.ecommerce.advisor.CustomStreamLoggerAndMessage2DBAdvisor - ## chunk: null
2026-03-08 00:02:41.614 [boundedElastic-1] INFO  com.flora.ai.ecommerce.advisor.CustomStreamLoggerAndMessage2DBAdvisor - ## chunk: null
2026-03-08 00:02:41.617 [boundedElastic-1] INFO  com.flora.ai.ecommerce.advisor.CustomStreamLoggerAndMessage2DBAdvisor - ## chunk: null
2026-03-08 00:02:41.686 [boundedElastic-2] INFO  com.flora.ai.ecommerce.advisor.CustomStreamLoggerAndMessage2DBAdvisor - ## chunk: null
2026-03-08 00:02:41.689 [boundedElastic-2] INFO  com.flora.ai.ecommerce.advisor.CustomStreamLoggerAndMessage2DBAdvisor - ## chunk: null
2026-03-08 00:02:41.702 [boundedElastic-3] INFO  com.flora.ai.ecommerce.advisor.CustomStreamLoggerAndMessage2DBAdvisor - ## chunk: null
2026-03-08 00:02:41.707 [boundedElastic-3] INFO  com.flora.ai.ecommerce.advisor.CustomStreamLoggerAndMessage2DBAdvisor - ## chunk: null
2026-03-08 00:02:41.720 [boundedElastic-1] INFO  com.flora.ai.ecommerce.advisor.CustomStreamLoggerAndMessage2DBAdvisor - ## chunk: null
2026-03-08 00:02:41.725 [boundedElastic-1] INFO  com.flora.ai.ecommerce.advisor.CustomStreamLoggerAndMessage2DBAdvisor - ## chunk: null
2026-03-08 00:02:41.776 [boundedElastic-2] INFO  com.flora.ai.ecommerce.advisor.CustomStreamLoggerAndMessage2DBAdvisor - ## chunk: null
2026-03-08 00:02:41.820 [boundedElastic-2] INFO  com.flora.ai.ecommerce.advisor.CustomStreamLoggerAndMessage2DBAdvisor - ## chunk: null
2026-03-08 00:02:41.831 [boundedElastic-1] INFO  com.flora.ai.ecommerce.advisor.CustomStreamLoggerAndMessage2DBAdvisor - ## chunk: null
2026-03-08 00:02:41.835 [boundedElastic-1] INFO  com.flora.ai.ecommerce.advisor.CustomStreamLoggerAndMessage2DBAdvisor - ## chunk: null
2026-03-08 00:02:41.853 [boundedElastic-3] INFO  com.flora.ai.ecommerce.advisor.CustomStreamLoggerAndMessage2DBAdvisor - ## chunk: null
2026-03-08 00:02:41.855 [boundedElastic-3] INFO  com.flora.ai.ecommerce.advisor.CustomStreamLoggerAndMessage2DBAdvisor - ## chunk: null
2026-03-08 00:02:41.870 [boundedElastic-2] INFO  com.flora.ai.ecommerce.advisor.CustomStreamLoggerAndMessage2DBAdvisor - ## chunk: null
2026-03-08 00:02:41.873 [boundedElastic-2] INFO  com.flora.ai.ecommerce.advisor.CustomStreamLoggerAndMessage2DBAdvisor - ## chunk: null
2026-03-08 00:02:41.943 [boundedElastic-1] INFO  com.flora.ai.ecommerce.advisor.CustomStreamLoggerAndMessage2DBAdvisor - ## chunk: null
2026-03-08 00:02:41.943 [boundedElastic-1] INFO  com.flora.ai.ecommerce.advisor.CustomStreamLoggerAndMessage2DBAdvisor - ## chunk: null
2026-03-08 00:02:41.958 [boundedElastic-3] INFO  com.flora.ai.ecommerce.advisor.CustomStreamLoggerAndMessage2DBAdvisor - ## chunk: null
2026-03-08 00:02:41.969 [boundedElastic-2] INFO  com.flora.ai.ecommerce.advisor.CustomStreamLoggerAndMessage2DBAdvisor - ## chunk: null
2026-03-08 00:02:41.972 [boundedElastic-2] INFO  com.flora.ai.ecommerce.advisor.CustomStreamLoggerAndMessage2DBAdvisor - ## chunk: null
2026-03-08 00:02:41.996 [boundedElastic-3] INFO  com.flora.ai.ecommerce.advisor.CustomStreamLoggerAndMessage2DBAdvisor - ## chunk: null
2026-03-08 00:02:42.051 [boundedElastic-1] INFO  com.flora.ai.ecommerce.advisor.CustomStreamLoggerAndMessage2DBAdvisor - ## chunk: null
2026-03-08 00:02:42.053 [boundedElastic-1] INFO  com.flora.ai.ecommerce.advisor.CustomStreamLoggerAndMessage2DBAdvisor - ## chunk: null
2026-03-08 00:02:42.064 [boundedElastic-3] INFO  com.flora.ai.ecommerce.advisor.CustomStreamLoggerAndMessage2DBAdvisor - ## chunk: null
2026-03-08 00:02:42.070 [boundedElastic-2] INFO  com.flora.ai.ecommerce.advisor.CustomStreamLoggerAndMessage2DBAdvisor - ## chunk: null
2026-03-08 00:02:42.072 [boundedElastic-3] INFO  com.flora.ai.ecommerce.advisor.CustomStreamLoggerAndMessage2DBAdvisor - ## chunk: null
2026-03-08 00:02:42.072 [boundedElastic-2] INFO  com.flora.ai.ecommerce.advisor.CustomStreamLoggerAndMessage2DBAdvisor - ## chunk: null
2026-03-08 00:02:42.157 [boundedElastic-1] INFO  com.flora.ai.ecommerce.advisor.CustomStreamLoggerAndMessage2DBAdvisor - ## chunk: null
2026-03-08 00:02:42.163 [boundedElastic-1] INFO  com.flora.ai.ecommerce.advisor.CustomStreamLoggerAndMessage2DBAdvisor - ## chunk: null
2026-03-08 00:02:42.169 [boundedElastic-3] INFO  com.flora.ai.ecommerce.advisor.CustomStreamLoggerAndMessage2DBAdvisor - ## chunk: null
2026-03-08 00:02:42.169 [boundedElastic-3] INFO  com.flora.ai.ecommerce.advisor.CustomStreamLoggerAndMessage2DBAdvisor - ## chunk: null
2026-03-08 00:02:42.171 [boundedElastic-2] INFO  com.flora.ai.ecommerce.advisor.CustomStreamLoggerAndMessage2DBAdvisor - ## chunk: null
2026-03-08 00:02:42.173 [boundedElastic-2] INFO  com.flora.ai.ecommerce.advisor.CustomStreamLoggerAndMessage2DBAdvisor - ## chunk: null
2026-03-08 00:02:42.266 [boundedElastic-1] INFO  com.flora.ai.ecommerce.advisor.CustomStreamLoggerAndMessage2DBAdvisor - ## chunk: null
2026-03-08 00:02:42.270 [boundedElastic-1] INFO  com.flora.ai.ecommerce.advisor.CustomStreamLoggerAndMessage2DBAdvisor - ## chunk: null
2026-03-08 00:02:42.270 [boundedElastic-2] INFO  com.flora.ai.ecommerce.advisor.CustomStreamLoggerAndMessage2DBAdvisor - ## chunk: null
2026-03-08 00:02:42.276 [boundedElastic-2] INFO  com.flora.ai.ecommerce.advisor.CustomStreamLoggerAndMessage2DBAdvisor - ## chunk: null
2026-03-08 00:02:42.316 [boundedElastic-3] INFO  com.flora.ai.ecommerce.advisor.CustomStreamLoggerAndMessage2DBAdvisor - ## chunk: null
2026-03-08 00:02:42.319 [boundedElastic-3] INFO  com.flora.ai.ecommerce.advisor.CustomStreamLoggerAndMessage2DBAdvisor - ## chunk: null
2026-03-08 00:02:42.375 [boundedElastic-1] INFO  com.flora.ai.ecommerce.advisor.CustomStreamLoggerAndMessage2DBAdvisor - ## chunk: null
2026-03-08 00:02:42.381 [boundedElastic-1] INFO  com.flora.ai.ecommerce.advisor.CustomStreamLoggerAndMessage2DBAdvisor - ## chunk: null
2026-03-08 00:02:42.415 [boundedElastic-3] INFO  com.flora.ai.ecommerce.advisor.CustomStreamLoggerAndMessage2DBAdvisor - ## chunk: null
2026-03-08 00:02:42.418 [boundedElastic-2] INFO  com.flora.ai.ecommerce.advisor.CustomStreamLoggerAndMessage2DBAdvisor - ## chunk: null
2026-03-08 00:02:42.418 [boundedElastic-3] INFO  com.flora.ai.ecommerce.advisor.CustomStreamLoggerAndMessage2DBAdvisor - ## chunk: null
2026-03-08 00:02:42.420 [boundedElastic-2] INFO  com.flora.ai.ecommerce.advisor.CustomStreamLoggerAndMessage2DBAdvisor - ## chunk: null
2026-03-08 00:02:42.516 [boundedElastic-3] INFO  com.flora.ai.ecommerce.advisor.CustomStreamLoggerAndMessage2DBAdvisor - ## chunk: null
2026-03-08 00:02:42.519 [boundedElastic-3] INFO  com.flora.ai.ecommerce.advisor.CustomStreamLoggerAndMessage2DBAdvisor - ## chunk: null
2026-03-08 00:02:42.524 [boundedElastic-2] INFO  com.flora.ai.ecommerce.advisor.CustomStreamLoggerAndMessage2DBAdvisor - ## chunk: null
2026-03-08 00:02:42.526 [boundedElastic-2] INFO  com.flora.ai.ecommerce.advisor.CustomStreamLoggerAndMessage2DBAdvisor - ## chunk: null
2026-03-08 00:02:42.532 [boundedElastic-1] INFO  com.flora.ai.ecommerce.advisor.CustomStreamLoggerAndMessage2DBAdvisor - ## chunk: null
2026-03-08 00:02:42.538 [boundedElastic-1] INFO  com.flora.ai.ecommerce.advisor.CustomStreamLoggerAndMessage2DBAdvisor - ## chunk: null
2026-03-08 00:02:42.620 [boundedElastic-3] INFO  com.flora.ai.ecommerce.advisor.CustomStreamLoggerAndMessage2DBAdvisor - ## chunk: null
2026-03-08 00:02:42.626 [boundedElastic-3] INFO  com.flora.ai.ecommerce.advisor.CustomStreamLoggerAndMessage2DBAdvisor - ## chunk: null
2026-03-08 00:02:42.672 [boundedElastic-2] INFO  com.flora.ai.ecommerce.advisor.CustomStreamLoggerAndMessage2DBAdvisor - ## chunk: null
2026-03-08 00:02:42.675 [boundedElastic-2] INFO  com.flora.ai.ecommerce.advisor.CustomStreamLoggerAndMessage2DBAdvisor - ## chunk: null
2026-03-08 00:02:42.736 [boundedElastic-1] INFO  com.flora.ai.ecommerce.advisor.CustomStreamLoggerAndMessage2DBAdvisor - ## chunk: null
2026-03-08 00:02:42.739 [boundedElastic-1] INFO  com.flora.ai.ecommerce.advisor.CustomStreamLoggerAndMessage2DBAdvisor - ## chunk: null
2026-03-08 00:02:42.771 [boundedElastic-2] INFO  com.flora.ai.ecommerce.advisor.CustomStreamLoggerAndMessage2DBAdvisor - ## chunk: null
2026-03-08 00:02:42.774 [boundedElastic-2] INFO  com.flora.ai.ecommerce.advisor.CustomStreamLoggerAndMessage2DBAdvisor - ## chunk: null
2026-03-08 00:02:42.777 [boundedElastic-3] INFO  com.flora.ai.ecommerce.advisor.CustomStreamLoggerAndMessage2DBAdvisor - ## chunk: null
2026-03-08 00:02:42.779 [boundedElastic-3] INFO  com.flora.ai.ecommerce.advisor.CustomStreamLoggerAndMessage2DBAdvisor - ## chunk: null
2026-03-08 00:02:42.837 [boundedElastic-1] INFO  com.flora.ai.ecommerce.advisor.CustomStreamLoggerAndMessage2DBAdvisor - ## chunk: null
2026-03-08 00:02:42.840 [boundedElastic-1] INFO  com.flora.ai.ecommerce.advisor.CustomStreamLoggerAndMessage2DBAdvisor - ## chunk: null
2026-03-08 00:02:42.877 [boundedElastic-2] INFO  com.flora.ai.ecommerce.advisor.CustomStreamLoggerAndMessage2DBAdvisor - ## chunk: null
2026-03-08 00:02:42.880 [boundedElastic-2] INFO  com.flora.ai.ecommerce.advisor.CustomStreamLoggerAndMessage2DBAdvisor - ## chunk: null
2026-03-08 00:02:42.880 [boundedElastic-3] INFO  com.flora.ai.ecommerce.advisor.CustomStreamLoggerAndMessage2DBAdvisor - ## chunk: null
2026-03-08 00:02:42.880 [boundedElastic-3] INFO  com.flora.ai.ecommerce.advisor.CustomStreamLoggerAndMessage2DBAdvisor - ## chunk: null
2026-03-08 00:02:42.979 [boundedElastic-2] INFO  com.flora.ai.ecommerce.advisor.CustomStreamLoggerAndMessage2DBAdvisor - ## chunk: null
2026-03-08 00:02:42.983 [boundedElastic-2] INFO  com.flora.ai.ecommerce.advisor.CustomStreamLoggerAndMessage2DBAdvisor - ## chunk: null
2026-03-08 00:02:42.983 [boundedElastic-3] INFO  com.flora.ai.ecommerce.advisor.CustomStreamLoggerAndMessage2DBAdvisor - ## chunk: null
2026-03-08 00:02:42.985 [boundedElastic-3] INFO  com.flora.ai.ecommerce.advisor.CustomStreamLoggerAndMessage2DBAdvisor - ## chunk: null
2026-03-08 00:02:43.017 [boundedElastic-1] INFO  com.flora.ai.ecommerce.advisor.CustomStreamLoggerAndMessage2DBAdvisor - ## chunk: null
2026-03-08 00:02:43.017 [boundedElastic-1] INFO  com.flora.ai.ecommerce.advisor.CustomStreamLoggerAndMessage2DBAdvisor - ## chunk: null
2026-03-08 00:02:43.092 [boundedElastic-2] INFO  com.flora.ai.ecommerce.advisor.CustomStreamLoggerAndMessage2DBAdvisor - ## chunk: null
2026-03-08 00:02:43.092 [boundedElastic-2] INFO  com.flora.ai.ecommerce.advisor.CustomStreamLoggerAndMessage2DBAdvisor - ## chunk: null
2026-03-08 00:02:43.092 [boundedElastic-3] INFO  com.flora.ai.ecommerce.advisor.CustomStreamLoggerAndMessage2DBAdvisor - ## chunk: null
2026-03-08 00:02:43.092 [boundedElastic-3] INFO  com.flora.ai.ecommerce.advisor.CustomStreamLoggerAndMessage2DBAdvisor - ## chunk: null
2026-03-08 00:02:43.137 [boundedElastic-1] INFO  com.flora.ai.ecommerce.advisor.CustomStreamLoggerAndMessage2DBAdvisor - ## chunk: null
2026-03-08 00:02:43.148 [boundedElastic-1] INFO  com.flora.ai.ecommerce.advisor.CustomStreamLoggerAndMessage2DBAdvisor - ## chunk: null
2026-03-08 00:02:43.148 [boundedElastic-1] INFO  com.flora.ai.ecommerce.advisor.CustomStreamLoggerAndMessage2DBAdvisor - ## chunk: null
2026-03-08 00:02:43.148 [boundedElastic-1] INFO  com.flora.ai.ecommerce.advisor.CustomStreamLoggerAndMessage2DBAdvisor - ## chunk: null
2026-03-08 00:02:43.185 [boundedElastic-2] INFO  com.flora.ai.ecommerce.advisor.CustomStreamLoggerAndMessage2DBAdvisor - ## chunk: null
2026-03-08 00:02:43.187 [boundedElastic-2] INFO  com.flora.ai.ecommerce.advisor.CustomStreamLoggerAndMessage2DBAdvisor - ## chunk: null
2026-03-08 00:02:43.231 [boundedElastic-3] INFO  com.flora.ai.ecommerce.advisor.CustomStreamLoggerAndMessage2DBAdvisor - ## chunk: null
2026-03-08 00:02:43.234 [boundedElastic-3] INFO  com.flora.ai.ecommerce.advisor.CustomStreamLoggerAndMessage2DBAdvisor - ## chunk: null
2026-03-08 00:02:43.238 [boundedElastic-1] INFO  com.flora.ai.ecommerce.advisor.CustomStreamLoggerAndMessage2DBAdvisor - ## chunk: null
2026-03-08 00:02:43.241 [boundedElastic-1] INFO  com.flora.ai.ecommerce.advisor.CustomStreamLoggerAndMessage2DBAdvisor - ## chunk: null
2026-03-08 00:02:43.288 [boundedElastic-2] INFO  com.flora.ai.ecommerce.advisor.CustomStreamLoggerAndMessage2DBAdvisor - ## chunk: null
2026-03-08 00:02:43.288 [boundedElastic-2] INFO  com.flora.ai.ecommerce.advisor.CustomStreamLoggerAndMessage2DBAdvisor - ## chunk: null
2026-03-08 00:02:43.339 [boundedElastic-1] INFO  com.flora.ai.ecommerce.advisor.CustomStreamLoggerAndMessage2DBAdvisor - ## chunk: null
2026-03-08 00:02:43.339 [boundedElastic-3] INFO  com.flora.ai.ecommerce.advisor.CustomStreamLoggerAndMessage2DBAdvisor - ## chunk: null
2026-03-08 00:02:43.344 [boundedElastic-1] INFO  com.flora.ai.ecommerce.advisor.CustomStreamLoggerAndMessage2DBAdvisor - ## chunk: null
2026-03-08 00:02:43.378 [boundedElastic-3] INFO  com.flora.ai.ecommerce.advisor.CustomStreamLoggerAndMessage2DBAdvisor - ## chunk: null
2026-03-08 00:02:43.388 [boundedElastic-2] INFO  com.flora.ai.ecommerce.advisor.CustomStreamLoggerAndMessage2DBAdvisor - ## chunk: null
2026-03-08 00:02:43.390 [boundedElastic-2] INFO  com.flora.ai.ecommerce.advisor.CustomStreamLoggerAndMessage2DBAdvisor - ## chunk: null
2026-03-08 00:02:43.435 [boundedElastic-3] INFO  com.flora.ai.ecommerce.advisor.CustomStreamLoggerAndMessage2DBAdvisor - ## chunk: null
2026-03-08 00:02:43.440 [boundedElastic-3] INFO  com.flora.ai.ecommerce.advisor.CustomStreamLoggerAndMessage2DBAdvisor - ## chunk: null
2026-03-08 00:02:43.488 [boundedElastic-2] INFO  com.flora.ai.ecommerce.advisor.CustomStreamLoggerAndMessage2DBAdvisor - ## chunk: null
2026-03-08 00:02:43.492 [boundedElastic-2] INFO  com.flora.ai.ecommerce.advisor.CustomStreamLoggerAndMessage2DBAdvisor - ## chunk: null
2026-03-08 00:02:43.495 [boundedElastic-1] INFO  com.flora.ai.ecommerce.advisor.CustomStreamLoggerAndMessage2DBAdvisor - ## chunk: null
2026-03-08 00:02:43.500 [boundedElastic-1] INFO  com.flora.ai.ecommerce.advisor.CustomStreamLoggerAndMessage2DBAdvisor - ## chunk: null
2026-03-08 00:02:43.538 [boundedElastic-3] INFO  com.flora.ai.ecommerce.advisor.CustomStreamLoggerAndMessage2DBAdvisor - ## chunk: null
2026-03-08 00:02:43.540 [boundedElastic-3] INFO  com.flora.ai.ecommerce.advisor.CustomStreamLoggerAndMessage2DBAdvisor - ## chunk: null
2026-03-08 00:02:43.599 [boundedElastic-1] INFO  com.flora.ai.ecommerce.advisor.CustomStreamLoggerAndMessage2DBAdvisor - ## chunk: null
2026-03-08 00:02:43.604 [boundedElastic-1] INFO  com.flora.ai.ecommerce.advisor.CustomStreamLoggerAndMessage2DBAdvisor - ## chunk: null
2026-03-08 00:02:43.641 [boundedElastic-2] INFO  com.flora.ai.ecommerce.advisor.CustomStreamLoggerAndMessage2DBAdvisor - ## chunk: null
2026-03-08 00:02:43.644 [boundedElastic-2] INFO  com.flora.ai.ecommerce.advisor.CustomStreamLoggerAndMessage2DBAdvisor - ## chunk: null
2026-03-08 00:02:43.660 [boundedElastic-3] INFO  com.flora.ai.ecommerce.advisor.CustomStreamLoggerAndMessage2DBAdvisor - ## chunk: null
2026-03-08 00:02:43.663 [boundedElastic-3] INFO  com.flora.ai.ecommerce.advisor.CustomStreamLoggerAndMessage2DBAdvisor - ## chunk: null
2026-03-08 00:02:43.742 [boundedElastic-3] INFO  com.flora.ai.ecommerce.advisor.CustomStreamLoggerAndMessage2DBAdvisor - ## chunk: null
2026-03-08 00:02:43.742 [boundedElastic-2] INFO  com.flora.ai.ecommerce.advisor.CustomStreamLoggerAndMessage2DBAdvisor - ## chunk: null
2026-03-08 00:02:43.742 [boundedElastic-2] INFO  com.flora.ai.ecommerce.advisor.CustomStreamLoggerAndMessage2DBAdvisor - ## chunk: null
2026-03-08 00:02:43.745 [boundedElastic-3] INFO  com.flora.ai.ecommerce.advisor.CustomStreamLoggerAndMessage2DBAdvisor - ## chunk: null
2026-03-08 00:02:43.752 [boundedElastic-1] INFO  com.flora.ai.ecommerce.advisor.CustomStreamLoggerAndMessage2DBAdvisor - ## chunk: null
2026-03-08 00:02:43.758 [boundedElastic-1] INFO  com.flora.ai.ecommerce.advisor.CustomStreamLoggerAndMessage2DBAdvisor - ## chunk: null
2026-03-08 00:02:43.843 [boundedElastic-3] INFO  com.flora.ai.ecommerce.advisor.CustomStreamLoggerAndMessage2DBAdvisor - ## chunk: null
2026-03-08 00:02:43.844 [boundedElastic-2] INFO  com.flora.ai.ecommerce.advisor.CustomStreamLoggerAndMessage2DBAdvisor - ## chunk: null
2026-03-08 00:02:43.844 [boundedElastic-3] INFO  com.flora.ai.ecommerce.advisor.CustomStreamLoggerAndMessage2DBAdvisor - ## chunk: null
2026-03-08 00:02:43.848 [boundedElastic-2] INFO  com.flora.ai.ecommerce.advisor.CustomStreamLoggerAndMessage2DBAdvisor - ## chunk: null
2026-03-08 00:02:43.855 [boundedElastic-1] INFO  com.flora.ai.ecommerce.advisor.CustomStreamLoggerAndMessage2DBAdvisor - ## chunk: null
2026-03-08 00:02:43.859 [boundedElastic-1] INFO  com.flora.ai.ecommerce.advisor.CustomStreamLoggerAndMessage2DBAdvisor - ## chunk: null
2026-03-08 00:02:43.938 [boundedElastic-3] INFO  com.flora.ai.ecommerce.advisor.CustomStreamLoggerAndMessage2DBAdvisor - ## chunk: null
2026-03-08 00:02:43.941 [boundedElastic-3] INFO  com.flora.ai.ecommerce.advisor.CustomStreamLoggerAndMessage2DBAdvisor - ## chunk: null
2026-03-08 00:02:43.952 [boundedElastic-2] INFO  com.flora.ai.ecommerce.advisor.CustomStreamLoggerAndMessage2DBAdvisor - ## chunk: null
2026-03-08 00:02:43.993 [boundedElastic-2] INFO  com.flora.ai.ecommerce.advisor.CustomStreamLoggerAndMessage2DBAdvisor - ## chunk: null
2026-03-08 00:02:44.011 [boundedElastic-1] INFO  com.flora.ai.ecommerce.advisor.CustomStreamLoggerAndMessage2DBAdvisor - ## chunk: null
2026-03-08 00:02:44.020 [boundedElastic-1] INFO  com.flora.ai.ecommerce.advisor.CustomStreamLoggerAndMessage2DBAdvisor - ## chunk: null
2026-03-08 00:02:44.041 [boundedElastic-3] INFO  com.flora.ai.ecommerce.advisor.CustomStreamLoggerAndMessage2DBAdvisor - ## chunk: null
2026-03-08 00:02:44.061 [boundedElastic-3] INFO  com.flora.ai.ecommerce.advisor.CustomStreamLoggerAndMessage2DBAdvisor - ## chunk: null
2026-03-08 00:02:44.101 [boundedElastic-2] INFO  com.flora.ai.ecommerce.advisor.CustomStreamLoggerAndMessage2DBAdvisor - ## chunk: null
2026-03-08 00:02:44.105 [boundedElastic-2] INFO  com.flora.ai.ecommerce.advisor.CustomStreamLoggerAndMessage2DBAdvisor - ## chunk: null
2026-03-08 00:02:44.113 [boundedElastic-1] INFO  com.flora.ai.ecommerce.advisor.CustomStreamLoggerAndMessage2DBAdvisor - ## chunk: null
2026-03-08 00:02:44.116 [boundedElastic-1] INFO  com.flora.ai.ecommerce.advisor.CustomStreamLoggerAndMessage2DBAdvisor - ## chunk: null
2026-03-08 00:02:44.146 [boundedElastic-3] INFO  com.flora.ai.ecommerce.advisor.CustomStreamLoggerAndMessage2DBAdvisor - ## chunk: null
2026-03-08 00:02:44.150 [boundedElastic-3] INFO  com.flora.ai.ecommerce.advisor.CustomStreamLoggerAndMessage2DBAdvisor - ## chunk: null
2026-03-08 00:02:44.201 [boundedElastic-2] INFO  com.flora.ai.ecommerce.advisor.CustomStreamLoggerAndMessage2DBAdvisor - ## chunk: null
2026-03-08 00:02:44.204 [boundedElastic-2] INFO  com.flora.ai.ecommerce.advisor.CustomStreamLoggerAndMessage2DBAdvisor - ## chunk: null
2026-03-08 00:02:44.217 [boundedElastic-1] INFO  com.flora.ai.ecommerce.advisor.CustomStreamLoggerAndMessage2DBAdvisor - ## chunk: null
2026-03-08 00:02:44.223 [boundedElastic-1] INFO  com.flora.ai.ecommerce.advisor.CustomStreamLoggerAndMessage2DBAdvisor - ## chunk: null
2026-03-08 00:02:44.300 [boundedElastic-3] INFO  com.flora.ai.ecommerce.advisor.CustomStreamLoggerAndMessage2DBAdvisor - ## chunk: null
2026-03-08 00:02:44.301 [boundedElastic-3] INFO  com.flora.ai.ecommerce.advisor.CustomStreamLoggerAndMessage2DBAdvisor - ## chunk: null
2026-03-08 00:02:44.306 [boundedElastic-2] INFO  com.flora.ai.ecommerce.advisor.CustomStreamLoggerAndMessage2DBAdvisor - ## chunk: null
2026-03-08 00:02:44.308 [boundedElastic-2] INFO  com.flora.ai.ecommerce.advisor.CustomStreamLoggerAndMessage2DBAdvisor - ## chunk: null
2026-03-08 00:02:44.323 [boundedElastic-1] INFO  com.flora.ai.ecommerce.advisor.CustomStreamLoggerAndMessage2DBAdvisor - ## chunk: null
2026-03-08 00:02:44.329 [boundedElastic-1] INFO  com.flora.ai.ecommerce.advisor.CustomStreamLoggerAndMessage2DBAdvisor - ## chunk: null
2026-03-08 00:02:44.415 [boundedElastic-2] INFO  com.flora.ai.ecommerce.advisor.CustomStreamLoggerAndMessage2DBAdvisor - ## chunk: null
2026-03-08 00:02:44.417 [boundedElastic-2] INFO  com.flora.ai.ecommerce.advisor.CustomStreamLoggerAndMessage2DBAdvisor - ## chunk: null
2026-03-08 00:02:44.449 [boundedElastic-1] INFO  com.flora.ai.ecommerce.advisor.CustomStreamLoggerAndMessage2DBAdvisor - ## chunk: null
2026-03-08 00:02:44.449 [boundedElastic-1] INFO  com.flora.ai.ecommerce.advisor.CustomStreamLoggerAndMessage2DBAdvisor - ## chunk: null
2026-03-08 00:02:44.457 [boundedElastic-3] INFO  com.flora.ai.ecommerce.advisor.CustomStreamLoggerAndMessage2DBAdvisor - ## chunk: null
2026-03-08 00:02:44.462 [boundedElastic-3] INFO  com.flora.ai.ecommerce.advisor.CustomStreamLoggerAndMessage2DBAdvisor - ## chunk: null
2026-03-08 00:02:44.512 [boundedElastic-2] INFO  com.flora.ai.ecommerce.advisor.CustomStreamLoggerAndMessage2DBAdvisor - ## chunk: null
2026-03-08 00:02:44.516 [boundedElastic-2] INFO  com.flora.ai.ecommerce.advisor.CustomStreamLoggerAndMessage2DBAdvisor - ## chunk: null
2026-03-08 00:02:44.527 [boundedElastic-1] INFO  com.flora.ai.ecommerce.advisor.CustomStreamLoggerAndMessage2DBAdvisor - ## chunk: null
2026-03-08 00:02:44.532 [boundedElastic-1] INFO  com.flora.ai.ecommerce.advisor.CustomStreamLoggerAndMessage2DBAdvisor - ## chunk: null
2026-03-08 00:02:44.554 [boundedElastic-3] INFO  com.flora.ai.ecommerce.advisor.CustomStreamLoggerAndMessage2DBAdvisor - ## chunk: null
2026-03-08 00:02:44.557 [boundedElastic-3] INFO  com.flora.ai.ecommerce.advisor.CustomStreamLoggerAndMessage2DBAdvisor - ## chunk: null
2026-03-08 00:02:44.618 [boundedElastic-2] INFO  com.flora.ai.ecommerce.advisor.CustomStreamLoggerAndMessage2DBAdvisor - ## chunk: null
2026-03-08 00:02:44.621 [boundedElastic-2] INFO  com.flora.ai.ecommerce.advisor.CustomStreamLoggerAndMessage2DBAdvisor - ## chunk: null
2026-03-08 00:02:44.631 [boundedElastic-1] INFO  com.flora.ai.ecommerce.advisor.CustomStreamLoggerAndMessage2DBAdvisor - ## chunk: null
2026-03-08 00:02:44.637 [boundedElastic-1] INFO  com.flora.ai.ecommerce.advisor.CustomStreamLoggerAndMessage2DBAdvisor - ## chunk: null
2026-03-08 00:02:44.656 [boundedElastic-3] INFO  com.flora.ai.ecommerce.advisor.CustomStreamLoggerAndMessage2DBAdvisor - ## chunk: null
2026-03-08 00:02:44.661 [boundedElastic-3] INFO  com.flora.ai.ecommerce.advisor.CustomStreamLoggerAndMessage2DBAdvisor - ## chunk: null
2026-03-08 00:02:44.724 [boundedElastic-2] INFO  com.flora.ai.ecommerce.advisor.CustomStreamLoggerAndMessage2DBAdvisor - ## chunk: null
2026-03-08 00:02:44.728 [boundedElastic-2] INFO  com.flora.ai.ecommerce.advisor.CustomStreamLoggerAndMessage2DBAdvisor - ## chunk: null
2026-03-08 00:02:44.782 [boundedElastic-1] INFO  com.flora.ai.ecommerce.advisor.CustomStreamLoggerAndMessage2DBAdvisor - ## chunk: null
2026-03-08 00:02:44.786 [boundedElastic-1] INFO  com.flora.ai.ecommerce.advisor.CustomStreamLoggerAndMessage2DBAdvisor - ## chunk: null
2026-03-08 00:02:44.813 [boundedElastic-3] INFO  com.flora.ai.ecommerce.advisor.CustomStreamLoggerAndMessage2DBAdvisor - ## chunk: null
2026-03-08 00:02:44.816 [boundedElastic-3] INFO  com.flora.ai.ecommerce.advisor.CustomStreamLoggerAndMessage2DBAdvisor - ## chunk: null
2026-03-08 00:02:44.888 [boundedElastic-1] INFO  com.flora.ai.ecommerce.advisor.CustomStreamLoggerAndMessage2DBAdvisor - ## chunk: null
2026-03-08 00:02:44.895 [boundedElastic-1] INFO  com.flora.ai.ecommerce.advisor.CustomStreamLoggerAndMessage2DBAdvisor - ## chunk: 对于
2026-03-08 00:02:44.898 [boundedElastic-1] WARN  org.springframework.web.servlet.mvc.method.annotation.RequestMappingHandlerAdapter - !!!
Performing asynchronous handling through the default Spring MVC SimpleAsyncTaskExecutor.
This executor is not suitable for production use under load.
Please, configure an AsyncTaskExecutor through the WebMvc config.
-------------------------------
!!!
2026-03-08 00:02:44.912 [boundedElastic-3] INFO  com.flora.ai.ecommerce.advisor.CustomStreamLoggerAndMessage2DBAdvisor - ## chunk: null
2026-03-08 00:02:44.925 [boundedElastic-2] INFO  com.flora.ai.ecommerce.advisor.CustomStreamLoggerAndMessage2DBAdvisor - ## chunk: null
2026-03-08 00:02:44.927 [boundedElastic-2] INFO  com.flora.ai.ecommerce.advisor.CustomStreamLoggerAndMessage2DBAdvisor - ## chunk: null
2026-03-08 00:02:44.929 [http-nio-8080-exec-6] ERROR com.flora.ai.ecommerce.exception.GlobalExceptionHandler - /chat/completion request fail, 
java.io.IOException: 你的主机中的软件中止了一个已建立的连接。
	at java.base/sun.nio.ch.SocketDispatcher.write0(Native Method) ~[?:?]
	at java.base/sun.nio.ch.SocketDispatcher.write(SocketDispatcher.java:54) ~[?:?]
	at java.base/sun.nio.ch.IOUtil.writeFromNativeBuffer(IOUtil.java:137) ~[?:?]
	at java.base/sun.nio.ch.IOUtil.write(IOUtil.java:102) ~[?:?]
	at java.base/sun.nio.ch.IOUtil.write(IOUtil.java:58) ~[?:?]
	at java.base/sun.nio.ch.SocketChannelImpl.write(SocketChannelImpl.java:542) ~[?:?]
	at org.apache.tomcat.util.net.NioChannel.write(NioChannel.java:122) ~[tomcat-embed-core-10.1.40.jar:10.1.40]
	at org.apache.tomcat.util.net.NioEndpoint$NioSocketWrapper.doWrite(NioEndpoint.java:1380) ~[tomcat-embed-core-10.1.40.jar:10.1.40]
	at org.apache.tomcat.util.net.SocketWrapperBase.doWrite(SocketWrapperBase.java:764) ~[tomcat-embed-core-10.1.40.jar:10.1.40]
	at org.apache.tomcat.util.net.SocketWrapperBase.flushBlocking(SocketWrapperBase.java:728) ~[tomcat-embed-core-10.1.40.jar:10.1.40]
	at org.apache.tomcat.util.net.SocketWrapperBase.flush(SocketWrapperBase.java:712) ~[tomcat-embed-core-10.1.40.jar:10.1.40]
	at org.apache.coyote.http11.Http11OutputBuffer$SocketOutputBuffer.flush(Http11OutputBuffer.java:574) ~[tomcat-embed-core-10.1.40.jar:10.1.40]
	at org.apache.coyote.http11.filters.ChunkedOutputFilter.flush(ChunkedOutputFilter.java:156) ~[tomcat-embed-core-10.1.40.jar:10.1.40]
	at org.apache.coyote.http11.Http11OutputBuffer.flush(Http11OutputBuffer.java:216) ~[tomcat-embed-core-10.1.40.jar:10.1.40]
	at org.apache.coyote.http11.Http11Processor.flush(Http11Processor.java:1271) ~[tomcat-embed-core-10.1.40.jar:10.1.40]
	at org.apache.coyote.AbstractProcessor.action(AbstractProcessor.java:408) ~[tomcat-embed-core-10.1.40.jar:10.1.40]
	at org.apache.coyote.Response.action(Response.java:208) ~[tomcat-embed-core-10.1.40.jar:10.1.40]
	at org.apache.catalina.connector.OutputBuffer.doFlush(OutputBuffer.java:300) ~[tomcat-embed-core-10.1.40.jar:10.1.40]
	at org.apache.catalina.connector.OutputBuffer.flush(OutputBuffer.java:266) ~[tomcat-embed-core-10.1.40.jar:10.1.40]
	at org.apache.catalina.connector.CoyoteOutputStream.flush(CoyoteOutputStream.java:133) ~[tomcat-embed-core-10.1.40.jar:10.1.40]
	at org.springframework.web.context.request.async.StandardServletAsyncWebRequest$LifecycleServletOutputStream.flush(StandardServletAsyncWebRequest.java:415) ~[spring-web-6.2.6.jar:6.2.6]
	at java.base/java.io.FilterOutputStream.flush(FilterOutputStream.java:155) ~[?:?]
	at com.fasterxml.jackson.core.json.UTF8JsonGenerator.flush(UTF8JsonGenerator.java:1205) ~[jackson-core-2.18.3.jar:2.18.3]
	at com.fasterxml.jackson.databind.ObjectWriter.writeValue(ObjectWriter.java:1063) ~[jackson-databind-2.18.3.jar:2.18.3]
	at org.springframework.http.converter.json.AbstractJackson2HttpMessageConverter.writeInternal(AbstractJackson2HttpMessageConverter.java:486) ~[spring-web-6.2.6.jar:6.2.6]
	at org.springframework.http.converter.AbstractGenericHttpMessageConverter.writeInternal(AbstractGenericHttpMessageConverter.java:135) ~[spring-web-6.2.6.jar:6.2.6]
	at org.springframework.http.converter.AbstractHttpMessageConverter.write(AbstractHttpMessageConverter.java:235) ~[spring-web-6.2.6.jar:6.2.6]
	at org.springframework.web.servlet.mvc.method.annotation.ResponseBodyEmitterReturnValueHandler$DefaultSseEmitterHandler.sendInternal(ResponseBodyEmitterReturnValueHandler.java:310) ~[spring-webmvc-6.2.6.jar:6.2.6]
	at org.springframework.web.servlet.mvc.method.annotation.ResponseBodyEmitterReturnValueHandler$DefaultSseEmitterHandler.send(ResponseBodyEmitterReturnValueHandler.java:297) ~[spring-webmvc-6.2.6.jar:6.2.6]
	at org.springframework.web.servlet.mvc.method.annotation.ResponseBodyEmitter.sendInternal(ResponseBodyEmitter.java:226) ~[spring-webmvc-6.2.6.jar:6.2.6]
	at org.springframework.web.servlet.mvc.method.annotation.ResponseBodyEmitter.send(ResponseBodyEmitter.java:217) ~[spring-webmvc-6.2.6.jar:6.2.6]
	at org.springframework.web.servlet.mvc.method.annotation.SseEmitter.send(SseEmitter.java:135) ~[spring-webmvc-6.2.6.jar:6.2.6]
	at org.springframework.web.servlet.mvc.method.annotation.SseEmitter.send(SseEmitter.java:118) ~[spring-webmvc-6.2.6.jar:6.2.6]
	at org.springframework.web.servlet.mvc.method.annotation.ReactiveTypeHandler$SseEmitterSubscriber.send(ReactiveTypeHandler.java:440) ~[spring-webmvc-6.2.6.jar:6.2.6]
	at org.springframework.web.servlet.mvc.method.annotation.ReactiveTypeHandler$AbstractEmitterSubscriber.run(ReactiveTypeHandler.java:359) ~[spring-webmvc-6.2.6.jar:6.2.6]
	at io.micrometer.context.ContextSnapshot.lambda$wrap$0(ContextSnapshot.java:91) ~[context-propagation-1.1.3.jar:1.1.3]
	at java.base/java.lang.Thread.run(Thread.java:1583) [?:?]
2026-03-08 00:02:44.940 [http-nio-8080-exec-6] WARN  org.springframework.web.servlet.mvc.method.annotation.ExceptionHandlerExceptionResolver - Failure in @ExceptionHandler com.flora.ai.ecommerce.exception.GlobalExceptionHandler#handleOtherException(HttpServletRequest, Exception)
org.springframework.http.converter.HttpMessageNotWritableException: No converter for [class com.flora.ai.ecommerce.utils.Response] with preset Content-Type 'text/event-stream'
	at org.springframework.web.servlet.mvc.method.annotation.AbstractMessageConverterMethodProcessor.writeWithMessageConverters(AbstractMessageConverterMethodProcessor.java:365) ~[spring-webmvc-6.2.6.jar:6.2.6]
	at org.springframework.web.servlet.mvc.method.annotation.RequestResponseBodyMethodProcessor.handleReturnValue(RequestResponseBodyMethodProcessor.java:208) ~[spring-webmvc-6.2.6.jar:6.2.6]
	at org.springframework.web.method.support.HandlerMethodReturnValueHandlerComposite.handleReturnValue(HandlerMethodReturnValueHandlerComposite.java:78) ~[spring-web-6.2.6.jar:6.2.6]
	at org.springframework.web.servlet.mvc.method.annotation.ServletInvocableHandlerMethod.invokeAndHandle(ServletInvocableHandlerMethod.java:136) ~[spring-webmvc-6.2.6.jar:6.2.6]
	at org.springframework.web.servlet.mvc.method.annotation.ExceptionHandlerExceptionResolver.doResolveHandlerMethodException(ExceptionHandlerExceptionResolver.java:471) ~[spring-webmvc-6.2.6.jar:6.2.6]
	at org.springframework.web.servlet.handler.AbstractHandlerMethodExceptionResolver.doResolveException(AbstractHandlerMethodExceptionResolver.java:73) ~[spring-webmvc-6.2.6.jar:6.2.6]
	at org.springframework.web.servlet.handler.AbstractHandlerExceptionResolver.resolveException(AbstractHandlerExceptionResolver.java:182) ~[spring-webmvc-6.2.6.jar:6.2.6]
	at org.springframework.web.servlet.handler.HandlerExceptionResolverComposite.resolveException(HandlerExceptionResolverComposite.java:80) ~[spring-webmvc-6.2.6.jar:6.2.6]
	at org.springframework.web.servlet.DispatcherServlet.processHandlerException(DispatcherServlet.java:1359) ~[spring-webmvc-6.2.6.jar:6.2.6]
	at org.springframework.web.servlet.DispatcherServlet.processDispatchResult(DispatcherServlet.java:1161) ~[spring-webmvc-6.2.6.jar:6.2.6]
	at org.springframework.web.servlet.DispatcherServlet.doDispatch(DispatcherServlet.java:1106) ~[spring-webmvc-6.2.6.jar:6.2.6]
	at org.springframework.web.servlet.DispatcherServlet.doService(DispatcherServlet.java:979) ~[spring-webmvc-6.2.6.jar:6.2.6]
	at org.springframework.web.servlet.FrameworkServlet.processRequest(FrameworkServlet.java:1014) ~[spring-webmvc-6.2.6.jar:6.2.6]
	at org.springframework.web.servlet.FrameworkServlet.doPost(FrameworkServlet.java:914) ~[spring-webmvc-6.2.6.jar:6.2.6]
	at jakarta.servlet.http.HttpServlet.service(HttpServlet.java:590) ~[tomcat-embed-core-10.1.40.jar:6.0]
	at org.springframework.web.servlet.FrameworkServlet.service(FrameworkServlet.java:885) ~[spring-webmvc-6.2.6.jar:6.2.6]
	at jakarta.servlet.http.HttpServlet.service(HttpServlet.java:658) ~[tomcat-embed-core-10.1.40.jar:6.0]
	at org.apache.catalina.core.ApplicationFilterChain.internalDoFilter(ApplicationFilterChain.java:195) ~[tomcat-embed-core-10.1.40.jar:10.1.40]
	at org.apache.catalina.core.ApplicationFilterChain.doFilter(ApplicationFilterChain.java:140) ~[tomcat-embed-core-10.1.40.jar:10.1.40]
	at org.springframework.web.filter.RequestContextFilter.doFilterInternal(RequestContextFilter.java:100) ~[spring-web-6.2.6.jar:6.2.6]
	at org.springframework.web.filter.OncePerRequestFilter.doFilter(OncePerRequestFilter.java:116) ~[spring-web-6.2.6.jar:6.2.6]
	at org.apache.catalina.core.ApplicationFilterChain.internalDoFilter(ApplicationFilterChain.java:164) ~[tomcat-embed-core-10.1.40.jar:10.1.40]
	at org.apache.catalina.core.ApplicationFilterChain.doFilter(ApplicationFilterChain.java:140) ~[tomcat-embed-core-10.1.40.jar:10.1.40]
	at org.springframework.web.filter.OncePerRequestFilter.doFilter(OncePerRequestFilter.java:101) ~[spring-web-6.2.6.jar:6.2.6]
	at org.apache.catalina.core.ApplicationFilterChain.internalDoFilter(ApplicationFilterChain.java:164) ~[tomcat-embed-core-10.1.40.jar:10.1.40]
	at org.apache.catalina.core.ApplicationFilterChain.doFilter(ApplicationFilterChain.java:140) ~[tomcat-embed-core-10.1.40.jar:10.1.40]
	at org.springframework.web.filter.OncePerRequestFilter.doFilter(OncePerRequestFilter.java:101) ~[spring-web-6.2.6.jar:6.2.6]
	at org.apache.catalina.core.ApplicationFilterChain.internalDoFilter(ApplicationFilterChain.java:164) ~[tomcat-embed-core-10.1.40.jar:10.1.40]
	at org.apache.catalina.core.ApplicationFilterChain.doFilter(ApplicationFilterChain.java:140) ~[tomcat-embed-core-10.1.40.jar:10.1.40]
	at org.apache.catalina.core.ApplicationDispatcher.invoke(ApplicationDispatcher.java:612) ~[tomcat-embed-core-10.1.40.jar:10.1.40]
	at org.apache.catalina.core.ApplicationDispatcher.doDispatch(ApplicationDispatcher.java:540) ~[tomcat-embed-core-10.1.40.jar:10.1.40]
	at org.apache.catalina.core.ApplicationDispatcher.dispatch(ApplicationDispatcher.java:511) ~[tomcat-embed-core-10.1.40.jar:10.1.40]
	at org.apache.catalina.core.AsyncContextImpl$AsyncRunnable.run(AsyncContextImpl.java:599) ~[tomcat-embed-core-10.1.40.jar:10.1.40]
	at org.apache.catalina.core.AsyncContextImpl.doInternalDispatch(AsyncContextImpl.java:342) ~[tomcat-embed-core-10.1.40.jar:10.1.40]
	at org.apache.catalina.core.StandardWrapperValve.invoke(StandardWrapperValve.java:165) ~[tomcat-embed-core-10.1.40.jar:10.1.40]
	at org.apache.catalina.core.StandardContextValve.invoke(StandardContextValve.java:90) ~[tomcat-embed-core-10.1.40.jar:10.1.40]
	at org.apache.catalina.authenticator.AuthenticatorBase.invoke(AuthenticatorBase.java:483) ~[tomcat-embed-core-10.1.40.jar:10.1.40]
	at org.apache.catalina.core.StandardHostValve.invoke(StandardHostValve.java:116) ~[tomcat-embed-core-10.1.40.jar:10.1.40]
	at org.apache.catalina.valves.ErrorReportValve.invoke(ErrorReportValve.java:93) ~[tomcat-embed-core-10.1.40.jar:10.1.40]
	at org.apache.catalina.core.StandardEngineValve.invoke(StandardEngineValve.java:74) ~[tomcat-embed-core-10.1.40.jar:10.1.40]
	at org.apache.catalina.connector.CoyoteAdapter.asyncDispatch(CoyoteAdapter.java:239) ~[tomcat-embed-core-10.1.40.jar:10.1.40]
	at org.apache.coyote.AbstractProcessor.dispatch(AbstractProcessor.java:243) ~[tomcat-embed-core-10.1.40.jar:10.1.40]
	at org.apache.coyote.AbstractProcessorLight.process(AbstractProcessorLight.java:57) ~[tomcat-embed-core-10.1.40.jar:10.1.40]
	at org.apache.coyote.AbstractProtocol$ConnectionHandler.process(AbstractProtocol.java:903) ~[tomcat-embed-core-10.1.40.jar:10.1.40]
	at org.apache.tomcat.util.net.NioEndpoint$SocketProcessor.doRun(NioEndpoint.java:1740) ~[tomcat-embed-core-10.1.40.jar:10.1.40]
	at org.apache.tomcat.util.net.SocketProcessorBase.run(SocketProcessorBase.java:52) ~[tomcat-embed-core-10.1.40.jar:10.1.40]
	at org.apache.tomcat.util.threads.ThreadPoolExecutor.runWorker(ThreadPoolExecutor.java:1189) ~[tomcat-embed-core-10.1.40.jar:10.1.40]
	at org.apache.tomcat.util.threads.ThreadPoolExecutor$Worker.run(ThreadPoolExecutor.java:658) ~[tomcat-embed-core-10.1.40.jar:10.1.40]
	at org.apache.tomcat.util.threads.TaskThread$WrappingRunnable.run(TaskThread.java:63) ~[tomcat-embed-core-10.1.40.jar:10.1.40]
	at java.base/java.lang.Thread.run(Thread.java:1583) [?:?]
2026-03-08 00:02:44.941 [http-nio-8080-exec-6] ERROR org.apache.catalina.core.ContainerBase.[Tomcat].[localhost].[/].[dispatcherServlet] - Servlet.service() for servlet [dispatcherServlet] threw exception
java.io.IOException: 你的主机中的软件中止了一个已建立的连接。
	at java.base/sun.nio.ch.SocketDispatcher.write0(Native Method) ~[?:?]
	at java.base/sun.nio.ch.SocketDispatcher.write(SocketDispatcher.java:54) ~[?:?]
	at java.base/sun.nio.ch.IOUtil.writeFromNativeBuffer(IOUtil.java:137) ~[?:?]
	at java.base/sun.nio.ch.IOUtil.write(IOUtil.java:102) ~[?:?]
	at java.base/sun.nio.ch.IOUtil.write(IOUtil.java:58) ~[?:?]
	at java.base/sun.nio.ch.SocketChannelImpl.write(SocketChannelImpl.java:542) ~[?:?]
	at org.apache.tomcat.util.net.NioChannel.write(NioChannel.java:122) ~[tomcat-embed-core-10.1.40.jar:10.1.40]
	at org.apache.tomcat.util.net.NioEndpoint$NioSocketWrapper.doWrite(NioEndpoint.java:1380) ~[tomcat-embed-core-10.1.40.jar:10.1.40]
	at org.apache.tomcat.util.net.SocketWrapperBase.doWrite(SocketWrapperBase.java:764) ~[tomcat-embed-core-10.1.40.jar:10.1.40]
	at org.apache.tomcat.util.net.SocketWrapperBase.flushBlocking(SocketWrapperBase.java:728) ~[tomcat-embed-core-10.1.40.jar:10.1.40]
	at org.apache.tomcat.util.net.SocketWrapperBase.flush(SocketWrapperBase.java:712) ~[tomcat-embed-core-10.1.40.jar:10.1.40]
	at org.apache.coyote.http11.Http11OutputBuffer$SocketOutputBuffer.flush(Http11OutputBuffer.java:574) ~[tomcat-embed-core-10.1.40.jar:10.1.40]
	at org.apache.coyote.http11.filters.ChunkedOutputFilter.flush(ChunkedOutputFilter.java:156) ~[tomcat-embed-core-10.1.40.jar:10.1.40]
	at org.apache.coyote.http11.Http11OutputBuffer.flush(Http11OutputBuffer.java:216) ~[tomcat-embed-core-10.1.40.jar:10.1.40]
	at org.apache.coyote.http11.Http11Processor.flush(Http11Processor.java:1271) ~[tomcat-embed-core-10.1.40.jar:10.1.40]
	at org.apache.coyote.AbstractProcessor.action(AbstractProcessor.java:408) ~[tomcat-embed-core-10.1.40.jar:10.1.40]
	at org.apache.coyote.Response.action(Response.java:208) ~[tomcat-embed-core-10.1.40.jar:10.1.40]
	at org.apache.catalina.connector.OutputBuffer.doFlush(OutputBuffer.java:300) ~[tomcat-embed-core-10.1.40.jar:10.1.40]
	at org.apache.catalina.connector.OutputBuffer.flush(OutputBuffer.java:266) ~[tomcat-embed-core-10.1.40.jar:10.1.40]
	at org.apache.catalina.connector.CoyoteOutputStream.flush(CoyoteOutputStream.java:133) ~[tomcat-embed-core-10.1.40.jar:10.1.40]
	at org.springframework.web.context.request.async.StandardServletAsyncWebRequest$LifecycleServletOutputStream.flush(StandardServletAsyncWebRequest.java:415) ~[spring-web-6.2.6.jar:6.2.6]
	at java.base/java.io.FilterOutputStream.flush(FilterOutputStream.java:155) ~[?:?]
	at com.fasterxml.jackson.core.json.UTF8JsonGenerator.flush(UTF8JsonGenerator.java:1205) ~[jackson-core-2.18.3.jar:2.18.3]
	at com.fasterxml.jackson.databind.ObjectWriter.writeValue(ObjectWriter.java:1063) ~[jackson-databind-2.18.3.jar:2.18.3]
	at org.springframework.http.converter.json.AbstractJackson2HttpMessageConverter.writeInternal(AbstractJackson2HttpMessageConverter.java:486) ~[spring-web-6.2.6.jar:6.2.6]
	at org.springframework.http.converter.AbstractGenericHttpMessageConverter.writeInternal(AbstractGenericHttpMessageConverter.java:135) ~[spring-web-6.2.6.jar:6.2.6]
	at org.springframework.http.converter.AbstractHttpMessageConverter.write(AbstractHttpMessageConverter.java:235) ~[spring-web-6.2.6.jar:6.2.6]
	at org.springframework.web.servlet.mvc.method.annotation.ResponseBodyEmitterReturnValueHandler$DefaultSseEmitterHandler.sendInternal(ResponseBodyEmitterReturnValueHandler.java:310) ~[spring-webmvc-6.2.6.jar:6.2.6]
	at org.springframework.web.servlet.mvc.method.annotation.ResponseBodyEmitterReturnValueHandler$DefaultSseEmitterHandler.send(ResponseBodyEmitterReturnValueHandler.java:297) ~[spring-webmvc-6.2.6.jar:6.2.6]
	at org.springframework.web.servlet.mvc.method.annotation.ResponseBodyEmitter.sendInternal(ResponseBodyEmitter.java:226) ~[spring-webmvc-6.2.6.jar:6.2.6]
	at org.springframework.web.servlet.mvc.method.annotation.ResponseBodyEmitter.send(ResponseBodyEmitter.java:217) ~[spring-webmvc-6.2.6.jar:6.2.6]
	at org.springframework.web.servlet.mvc.method.annotation.SseEmitter.send(SseEmitter.java:135) ~[spring-webmvc-6.2.6.jar:6.2.6]
	at org.springframework.web.servlet.mvc.method.annotation.SseEmitter.send(SseEmitter.java:118) ~[spring-webmvc-6.2.6.jar:6.2.6]
	at org.springframework.web.servlet.mvc.method.annotation.ReactiveTypeHandler$SseEmitterSubscriber.send(ReactiveTypeHandler.java:440) ~[spring-webmvc-6.2.6.jar:6.2.6]
	at org.springframework.web.servlet.mvc.method.annotation.ReactiveTypeHandler$AbstractEmitterSubscriber.run(ReactiveTypeHandler.java:359) ~[spring-webmvc-6.2.6.jar:6.2.6]
	at io.micrometer.context.ContextSnapshot.lambda$wrap$0(ContextSnapshot.java:91) ~[context-propagation-1.1.3.jar:1.1.3]
	at java.base/java.lang.Thread.run(Thread.java:1583) [?:?]
2026-03-08 00:02:44.941 [http-nio-8080-exec-6] ERROR org.apache.catalina.core.ContainerBase.[Tomcat].[localhost].[/].[dispatcherServlet] - Servlet.service() for servlet [dispatcherServlet] in context with path [] threw exception
java.io.IOException: 你的主机中的软件中止了一个已建立的连接。
	at java.base/sun.nio.ch.SocketDispatcher.write0(Native Method) ~[?:?]
	at java.base/sun.nio.ch.SocketDispatcher.write(SocketDispatcher.java:54) ~[?:?]
	at java.base/sun.nio.ch.IOUtil.writeFromNativeBuffer(IOUtil.java:137) ~[?:?]
	at java.base/sun.nio.ch.IOUtil.write(IOUtil.java:102) ~[?:?]
	at java.base/sun.nio.ch.IOUtil.write(IOUtil.java:58) ~[?:?]
	at java.base/sun.nio.ch.SocketChannelImpl.write(SocketChannelImpl.java:542) ~[?:?]
	at org.apache.tomcat.util.net.NioChannel.write(NioChannel.java:122) ~[tomcat-embed-core-10.1.40.jar:10.1.40]
	at org.apache.tomcat.util.net.NioEndpoint$NioSocketWrapper.doWrite(NioEndpoint.java:1380) ~[tomcat-embed-core-10.1.40.jar:10.1.40]
	at org.apache.tomcat.util.net.SocketWrapperBase.doWrite(SocketWrapperBase.java:764) ~[tomcat-embed-core-10.1.40.jar:10.1.40]
	at org.apache.tomcat.util.net.SocketWrapperBase.flushBlocking(SocketWrapperBase.java:728) ~[tomcat-embed-core-10.1.40.jar:10.1.40]
	at org.apache.tomcat.util.net.SocketWrapperBase.flush(SocketWrapperBase.java:712) ~[tomcat-embed-core-10.1.40.jar:10.1.40]
	at org.apache.coyote.http11.Http11OutputBuffer$SocketOutputBuffer.flush(Http11OutputBuffer.java:574) ~[tomcat-embed-core-10.1.40.jar:10.1.40]
	at org.apache.coyote.http11.filters.ChunkedOutputFilter.flush(ChunkedOutputFilter.java:156) ~[tomcat-embed-core-10.1.40.jar:10.1.40]
	at org.apache.coyote.http11.Http11OutputBuffer.flush(Http11OutputBuffer.java:216) ~[tomcat-embed-core-10.1.40.jar:10.1.40]
	at org.apache.coyote.http11.Http11Processor.flush(Http11Processor.java:1271) ~[tomcat-embed-core-10.1.40.jar:10.1.40]
	at org.apache.coyote.AbstractProcessor.action(AbstractProcessor.java:408) ~[tomcat-embed-core-10.1.40.jar:10.1.40]
	at org.apache.coyote.Response.action(Response.java:208) ~[tomcat-embed-core-10.1.40.jar:10.1.40]
	at org.apache.catalina.connector.OutputBuffer.doFlush(OutputBuffer.java:300) ~[tomcat-embed-core-10.1.40.jar:10.1.40]
	at org.apache.catalina.connector.OutputBuffer.flush(OutputBuffer.java:266) ~[tomcat-embed-core-10.1.40.jar:10.1.40]
	at org.apache.catalina.connector.CoyoteOutputStream.flush(CoyoteOutputStream.java:133) ~[tomcat-embed-core-10.1.40.jar:10.1.40]
	at org.springframework.web.context.request.async.StandardServletAsyncWebRequest$LifecycleServletOutputStream.flush(StandardServletAsyncWebRequest.java:415) ~[spring-web-6.2.6.jar:6.2.6]
	at java.base/java.io.FilterOutputStream.flush(FilterOutputStream.java:155) ~[?:?]
	at com.fasterxml.jackson.core.json.UTF8JsonGenerator.flush(UTF8JsonGenerator.java:1205) ~[jackson-core-2.18.3.jar:2.18.3]
	at com.fasterxml.jackson.databind.ObjectWriter.writeValue(ObjectWriter.java:1063) ~[jackson-databind-2.18.3.jar:2.18.3]
	at org.springframework.http.converter.json.AbstractJackson2HttpMessageConverter.writeInternal(AbstractJackson2HttpMessageConverter.java:486) ~[spring-web-6.2.6.jar:6.2.6]
	at org.springframework.http.converter.AbstractGenericHttpMessageConverter.writeInternal(AbstractGenericHttpMessageConverter.java:135) ~[spring-web-6.2.6.jar:6.2.6]
	at org.springframework.http.converter.AbstractHttpMessageConverter.write(AbstractHttpMessageConverter.java:235) ~[spring-web-6.2.6.jar:6.2.6]
	at org.springframework.web.servlet.mvc.method.annotation.ResponseBodyEmitterReturnValueHandler$DefaultSseEmitterHandler.sendInternal(ResponseBodyEmitterReturnValueHandler.java:310) ~[spring-webmvc-6.2.6.jar:6.2.6]
	at org.springframework.web.servlet.mvc.method.annotation.ResponseBodyEmitterReturnValueHandler$DefaultSseEmitterHandler.send(ResponseBodyEmitterReturnValueHandler.java:297) ~[spring-webmvc-6.2.6.jar:6.2.6]
	at org.springframework.web.servlet.mvc.method.annotation.ResponseBodyEmitter.sendInternal(ResponseBodyEmitter.java:226) ~[spring-webmvc-6.2.6.jar:6.2.6]
	at org.springframework.web.servlet.mvc.method.annotation.ResponseBodyEmitter.send(ResponseBodyEmitter.java:217) ~[spring-webmvc-6.2.6.jar:6.2.6]
	at org.springframework.web.servlet.mvc.method.annotation.SseEmitter.send(SseEmitter.java:135) ~[spring-webmvc-6.2.6.jar:6.2.6]
	at org.springframework.web.servlet.mvc.method.annotation.SseEmitter.send(SseEmitter.java:118) ~[spring-webmvc-6.2.6.jar:6.2.6]
	at org.springframework.web.servlet.mvc.method.annotation.ReactiveTypeHandler$SseEmitterSubscriber.send(ReactiveTypeHandler.java:440) ~[spring-webmvc-6.2.6.jar:6.2.6]
	at org.springframework.web.servlet.mvc.method.annotation.ReactiveTypeHandler$AbstractEmitterSubscriber.run(ReactiveTypeHandler.java:359) ~[spring-webmvc-6.2.6.jar:6.2.6]
	at io.micrometer.context.ContextSnapshot.lambda$wrap$0(ContextSnapshot.java:91) ~[context-propagation-1.1.3.jar:1.1.3]
	at java.base/java.lang.Thread.run(Thread.java:1583) [?:?]
2026-03-08 00:02:44.955 [boundedElastic-3] INFO  com.flora.ai.ecommerce.advisor.CustomStreamLoggerAndMessage2DBAdvisor - ## chunk: null
2026-03-08 00:02:45.014 [boundedElastic-3] INFO  com.flora.ai.ecommerce.advisor.CustomStreamLoggerAndMessage2DBAdvisor - ## chunk: null
2026-03-08 00:02:45.017 [boundedElastic-3] INFO  com.flora.ai.ecommerce.advisor.CustomStreamLoggerAndMessage2DBAdvisor - ## chunk: null
2026-03-08 00:02:45.031 [boundedElastic-2] INFO  com.flora.ai.ecommerce.advisor.CustomStreamLoggerAndMessage2DBAdvisor - ## chunk: null
2026-03-08 00:02:45.034 [boundedElastic-2] INFO  com.flora.ai.ecommerce.advisor.CustomStreamLoggerAndMessage2DBAdvisor - ## chunk: null
2026-03-08 00:02:45.117 [boundedElastic-3] INFO  com.flora.ai.ecommerce.advisor.CustomStreamLoggerAndMessage2DBAdvisor - ## chunk: null
2026-03-08 00:02:45.119 [boundedElastic-3] INFO  com.flora.ai.ecommerce.advisor.CustomStreamLoggerAndMessage2DBAdvisor - ## chunk: null
2026-03-08 00:02:45.139 [boundedElastic-2] INFO  com.flora.ai.ecommerce.advisor.CustomStreamLoggerAndMessage2DBAdvisor - ## chunk: null
2026-03-08 00:02:45.141 [boundedElastic-2] INFO  com.flora.ai.ecommerce.advisor.CustomStreamLoggerAndMessage2DBAdvisor - ## chunk: null
2026-03-08 00:02:45.218 [boundedElastic-3] INFO  com.flora.ai.ecommerce.advisor.CustomStreamLoggerAndMessage2DBAdvisor - ## chunk: null
2026-03-08 00:02:45.222 [boundedElastic-3] INFO  com.flora.ai.ecommerce.advisor.CustomStreamLoggerAndMessage2DBAdvisor - ## chunk: null
2026-03-08 00:02:45.245 [boundedElastic-2] INFO  com.flora.ai.ecommerce.advisor.CustomStreamLoggerAndMessage2DBAdvisor - ## chunk: null
2026-03-08 00:02:45.247 [boundedElastic-2] INFO  com.flora.ai.ecommerce.advisor.CustomStreamLoggerAndMessage2DBAdvisor - ## chunk: null
2026-03-08 00:02:45.316 [boundedElastic-3] INFO  com.flora.ai.ecommerce.advisor.CustomStreamLoggerAndMessage2DBAdvisor - ## chunk: null
2026-03-08 00:02:45.320 [boundedElastic-3] INFO  com.flora.ai.ecommerce.advisor.CustomStreamLoggerAndMessage2DBAdvisor - ## chunk: null
2026-03-08 00:02:45.345 [boundedElastic-2] INFO  com.flora.ai.ecommerce.advisor.CustomStreamLoggerAndMessage2DBAdvisor - ## chunk: null
2026-03-08 00:02:45.349 [boundedElastic-2] INFO  com.flora.ai.ecommerce.advisor.CustomStreamLoggerAndMessage2DBAdvisor - ## chunk: null
2026-03-08 00:02:45.445 [boundedElastic-2] INFO  com.flora.ai.ecommerce.advisor.CustomStreamLoggerAndMessage2DBAdvisor - ## chunk: null
2026-03-08 00:02:45.449 [boundedElastic-2] INFO  com.flora.ai.ecommerce.advisor.CustomStreamLoggerAndMessage2DBAdvisor - ## chunk: null
2026-03-08 00:02:45.469 [boundedElastic-3] INFO  com.flora.ai.ecommerce.advisor.CustomStreamLoggerAndMessage2DBAdvisor - ## chunk: null
2026-03-08 00:02:45.472 [boundedElastic-3] INFO  com.flora.ai.ecommerce.advisor.CustomStreamLoggerAndMessage2DBAdvisor - ## chunk: null
2026-03-08 00:02:45.605 [boundedElastic-2] INFO  com.flora.ai.ecommerce.advisor.CustomStreamLoggerAndMessage2DBAdvisor - ## chunk: null
2026-03-08 00:02:45.610 [boundedElastic-2] INFO  com.flora.ai.ecommerce.advisor.CustomStreamLoggerAndMessage2DBAdvisor - ## chunk: null
2026-03-08 00:02:45.624 [boundedElastic-3] INFO  com.flora.ai.ecommerce.advisor.CustomStreamLoggerAndMessage2DBAdvisor - ## chunk: null
2026-03-08 00:02:45.626 [boundedElastic-3] INFO  com.flora.ai.ecommerce.advisor.CustomStreamLoggerAndMessage2DBAdvisor - ## chunk: null
2026-03-08 00:02:45.721 [boundedElastic-3] INFO  com.flora.ai.ecommerce.advisor.CustomStreamLoggerAndMessage2DBAdvisor - ## chunk: null
2026-03-08 00:02:45.724 [boundedElastic-3] INFO  com.flora.ai.ecommerce.advisor.CustomStreamLoggerAndMessage2DBAdvisor - ## chunk: null
2026-03-08 00:02:45.756 [boundedElastic-2] INFO  com.flora.ai.ecommerce.advisor.CustomStreamLoggerAndMessage2DBAdvisor - ## chunk: null
2026-03-08 00:02:45.757 [boundedElastic-2] INFO  com.flora.ai.ecommerce.advisor.CustomStreamLoggerAndMessage2DBAdvisor - ## chunk: null
2026-03-08 00:02:45.826 [boundedElastic-3] INFO  com.flora.ai.ecommerce.advisor.CustomStreamLoggerAndMessage2DBAdvisor - ## chunk: null
2026-03-08 00:02:45.828 [boundedElastic-3] INFO  com.flora.ai.ecommerce.advisor.CustomStreamLoggerAndMessage2DBAdvisor - ## chunk: null
2026-03-08 00:02:45.936 [boundedElastic-2] INFO  com.flora.ai.ecommerce.advisor.CustomStreamLoggerAndMessage2DBAdvisor - ## chunk: null
2026-03-08 00:02:45.938 [boundedElastic-2] INFO  com.flora.ai.ecommerce.advisor.CustomStreamLoggerAndMessage2DBAdvisor - ## chunk: null
2026-03-08 00:02:45.978 [boundedElastic-3] INFO  com.flora.ai.ecommerce.advisor.CustomStreamLoggerAndMessage2DBAdvisor - ## chunk: null
2026-03-08 00:02:45.979 [boundedElastic-3] INFO  com.flora.ai.ecommerce.advisor.CustomStreamLoggerAndMessage2DBAdvisor - ## chunk: null
2026-03-08 00:02:46.066 [boundedElastic-2] INFO  com.flora.ai.ecommerce.advisor.CustomStreamLoggerAndMessage2DBAdvisor - ## chunk: null
2026-03-08 00:02:46.066 [boundedElastic-2] INFO  com.flora.ai.ecommerce.advisor.CustomStreamLoggerAndMessage2DBAdvisor - ## chunk: null
2026-03-08 00:02:46.127 [boundedElastic-3] INFO  com.flora.ai.ecommerce.advisor.CustomStreamLoggerAndMessage2DBAdvisor - ## chunk: null
2026-03-08 00:02:46.129 [boundedElastic-3] INFO  com.flora.ai.ecommerce.advisor.CustomStreamLoggerAndMessage2DBAdvisor - ## chunk: null
2026-03-08 00:02:46.217 [boundedElastic-2] INFO  com.flora.ai.ecommerce.advisor.CustomStreamLoggerAndMessage2DBAdvisor - ## chunk: null
2026-03-08 00:02:46.223 [boundedElastic-2] INFO  com.flora.ai.ecommerce.advisor.CustomStreamLoggerAndMessage2DBAdvisor - ## chunk: null
2026-03-08 00:02:46.354 [boundedElastic-3] INFO  com.flora.ai.ecommerce.advisor.CustomStreamLoggerAndMessage2DBAdvisor - ## chunk: null
2026-03-08 00:02:46.356 [boundedElastic-3] INFO  com.flora.ai.ecommerce.advisor.CustomStreamLoggerAndMessage2DBAdvisor - ## chunk: null
2026-03-08 00:02:46.377 [boundedElastic-2] INFO  com.flora.ai.ecommerce.advisor.CustomStreamLoggerAndMessage2DBAdvisor - ## chunk: null
2026-03-08 00:02:46.378 [boundedElastic-2] INFO  com.flora.ai.ecommerce.advisor.CustomStreamLoggerAndMessage2DBAdvisor - ## chunk: null
2026-03-08 00:02:46.427 [boundedElastic-3] INFO  com.flora.ai.ecommerce.advisor.CustomStreamLoggerAndMessage2DBAdvisor - ## chunk: null
2026-03-08 00:02:46.430 [boundedElastic-3] INFO  com.flora.ai.ecommerce.advisor.CustomStreamLoggerAndMessage2DBAdvisor - ## chunk: null
2026-03-08 00:02:46.527 [boundedElastic-2] INFO  com.flora.ai.ecommerce.advisor.CustomStreamLoggerAndMessage2DBAdvisor - ## chunk: null
2026-03-08 00:02:46.528 [boundedElastic-2] INFO  com.flora.ai.ecommerce.advisor.CustomStreamLoggerAndMessage2DBAdvisor - ## chunk: null
2026-03-08 00:02:46.580 [boundedElastic-3] INFO  com.flora.ai.ecommerce.advisor.CustomStreamLoggerAndMessage2DBAdvisor - ## chunk: null
2026-03-08 00:02:46.585 [boundedElastic-3] INFO  com.flora.ai.ecommerce.advisor.CustomStreamLoggerAndMessage2DBAdvisor - ## chunk: null
2026-03-08 00:02:46.631 [boundedElastic-2] INFO  com.flora.ai.ecommerce.advisor.CustomStreamLoggerAndMessage2DBAdvisor - ## chunk: null
2026-03-08 00:02:46.635 [boundedElastic-2] INFO  com.flora.ai.ecommerce.advisor.CustomStreamLoggerAndMessage2DBAdvisor - ## chunk: null
2026-03-08 00:02:46.732 [boundedElastic-3] INFO  com.flora.ai.ecommerce.advisor.CustomStreamLoggerAndMessage2DBAdvisor - ## chunk: null
2026-03-08 00:02:46.735 [boundedElastic-2] INFO  com.flora.ai.ecommerce.advisor.CustomStreamLoggerAndMessage2DBAdvisor - ## chunk: null
2026-03-08 00:02:46.735 [boundedElastic-3] INFO  com.flora.ai.ecommerce.advisor.CustomStreamLoggerAndMessage2DBAdvisor - ## chunk: null
2026-03-08 00:02:46.738 [boundedElastic-2] INFO  com.flora.ai.ecommerce.advisor.CustomStreamLoggerAndMessage2DBAdvisor - ## chunk: null
2026-03-08 00:02:46.833 [boundedElastic-3] INFO  com.flora.ai.ecommerce.advisor.CustomStreamLoggerAndMessage2DBAdvisor - ## chunk: null
2026-03-08 00:02:46.836 [boundedElastic-2] INFO  com.flora.ai.ecommerce.advisor.CustomStreamLoggerAndMessage2DBAdvisor - ## chunk: null
2026-03-08 00:02:46.838 [boundedElastic-3] INFO  com.flora.ai.ecommerce.advisor.CustomStreamLoggerAndMessage2DBAdvisor - ## chunk: null
2026-03-08 00:02:46.839 [boundedElastic-2] INFO  com.flora.ai.ecommerce.advisor.CustomStreamLoggerAndMessage2DBAdvisor - ## chunk: null
2026-03-08 00:02:46.933 [boundedElastic-3] INFO  com.flora.ai.ecommerce.advisor.CustomStreamLoggerAndMessage2DBAdvisor - ## chunk: null
2026-03-08 00:02:46.937 [boundedElastic-3] INFO  com.flora.ai.ecommerce.advisor.CustomStreamLoggerAndMessage2DBAdvisor - ## chunk: null
2026-03-08 00:02:46.941 [boundedElastic-2] INFO  com.flora.ai.ecommerce.advisor.CustomStreamLoggerAndMessage2DBAdvisor - ## chunk: null
2026-03-08 00:02:46.946 [boundedElastic-2] INFO  com.flora.ai.ecommerce.advisor.CustomStreamLoggerAndMessage2DBAdvisor - ## chunk: null
2026-03-08 00:02:47.041 [boundedElastic-2] INFO  com.flora.ai.ecommerce.advisor.CustomStreamLoggerAndMessage2DBAdvisor - ## chunk: null
2026-03-08 00:02:47.046 [boundedElastic-2] INFO  com.flora.ai.ecommerce.advisor.CustomStreamLoggerAndMessage2DBAdvisor - ## chunk: 对于出油多的
2026-03-08 00:02:47.049 [http-nio-8080-exec-7] ERROR com.flora.ai.ecommerce.exception.GlobalExceptionHandler - /chat/completion request fail, 
java.io.IOException: 你的主机中的软件中止了一个已建立的连接。
	at java.base/sun.nio.ch.SocketDispatcher.write0(Native Method) ~[?:?]
	at java.base/sun.nio.ch.SocketDispatcher.write(SocketDispatcher.java:54) ~[?:?]
	at java.base/sun.nio.ch.IOUtil.writeFromNativeBuffer(IOUtil.java:137) ~[?:?]
	at java.base/sun.nio.ch.IOUtil.write(IOUtil.java:102) ~[?:?]
	at java.base/sun.nio.ch.IOUtil.write(IOUtil.java:58) ~[?:?]
	at java.base/sun.nio.ch.SocketChannelImpl.write(SocketChannelImpl.java:542) ~[?:?]
	at org.apache.tomcat.util.net.NioChannel.write(NioChannel.java:122) ~[tomcat-embed-core-10.1.40.jar:10.1.40]
	at org.apache.tomcat.util.net.NioEndpoint$NioSocketWrapper.doWrite(NioEndpoint.java:1380) ~[tomcat-embed-core-10.1.40.jar:10.1.40]
	at org.apache.tomcat.util.net.SocketWrapperBase.doWrite(SocketWrapperBase.java:764) ~[tomcat-embed-core-10.1.40.jar:10.1.40]
	at org.apache.tomcat.util.net.SocketWrapperBase.flushBlocking(SocketWrapperBase.java:728) ~[tomcat-embed-core-10.1.40.jar:10.1.40]
	at org.apache.tomcat.util.net.SocketWrapperBase.flush(SocketWrapperBase.java:712) ~[tomcat-embed-core-10.1.40.jar:10.1.40]
	at org.apache.coyote.http11.Http11OutputBuffer$SocketOutputBuffer.flush(Http11OutputBuffer.java:574) ~[tomcat-embed-core-10.1.40.jar:10.1.40]
	at org.apache.coyote.http11.filters.ChunkedOutputFilter.flush(ChunkedOutputFilter.java:156) ~[tomcat-embed-core-10.1.40.jar:10.1.40]
	at org.apache.coyote.http11.Http11OutputBuffer.flush(Http11OutputBuffer.java:216) ~[tomcat-embed-core-10.1.40.jar:10.1.40]
	at org.apache.coyote.http11.Http11Processor.flush(Http11Processor.java:1271) ~[tomcat-embed-core-10.1.40.jar:10.1.40]
	at org.apache.coyote.AbstractProcessor.action(AbstractProcessor.java:408) ~[tomcat-embed-core-10.1.40.jar:10.1.40]
	at org.apache.coyote.Response.action(Response.java:208) ~[tomcat-embed-core-10.1.40.jar:10.1.40]
	at org.apache.catalina.connector.OutputBuffer.doFlush(OutputBuffer.java:300) ~[tomcat-embed-core-10.1.40.jar:10.1.40]
	at org.apache.catalina.connector.OutputBuffer.flush(OutputBuffer.java:266) ~[tomcat-embed-core-10.1.40.jar:10.1.40]
	at org.apache.catalina.connector.CoyoteOutputStream.flush(CoyoteOutputStream.java:133) ~[tomcat-embed-core-10.1.40.jar:10.1.40]
	at org.springframework.web.context.request.async.StandardServletAsyncWebRequest$LifecycleServletOutputStream.flush(StandardServletAsyncWebRequest.java:415) ~[spring-web-6.2.6.jar:6.2.6]
	at java.base/java.io.FilterOutputStream.flush(FilterOutputStream.java:155) ~[?:?]
	at com.fasterxml.jackson.core.json.UTF8JsonGenerator.flush(UTF8JsonGenerator.java:1205) ~[jackson-core-2.18.3.jar:2.18.3]
	at com.fasterxml.jackson.databind.ObjectWriter.writeValue(ObjectWriter.java:1063) ~[jackson-databind-2.18.3.jar:2.18.3]
	at org.springframework.http.converter.json.AbstractJackson2HttpMessageConverter.writeInternal(AbstractJackson2HttpMessageConverter.java:486) ~[spring-web-6.2.6.jar:6.2.6]
	at org.springframework.http.converter.AbstractGenericHttpMessageConverter.writeInternal(AbstractGenericHttpMessageConverter.java:135) ~[spring-web-6.2.6.jar:6.2.6]
	at org.springframework.http.converter.AbstractHttpMessageConverter.write(AbstractHttpMessageConverter.java:235) ~[spring-web-6.2.6.jar:6.2.6]
	at org.springframework.web.servlet.mvc.method.annotation.ResponseBodyEmitterReturnValueHandler$DefaultSseEmitterHandler.sendInternal(ResponseBodyEmitterReturnValueHandler.java:310) ~[spring-webmvc-6.2.6.jar:6.2.6]
	at org.springframework.web.servlet.mvc.method.annotation.ResponseBodyEmitterReturnValueHandler$DefaultSseEmitterHandler.send(ResponseBodyEmitterReturnValueHandler.java:297) ~[spring-webmvc-6.2.6.jar:6.2.6]
	at org.springframework.web.servlet.mvc.method.annotation.ResponseBodyEmitter.sendInternal(ResponseBodyEmitter.java:226) ~[spring-webmvc-6.2.6.jar:6.2.6]
	at org.springframework.web.servlet.mvc.method.annotation.ResponseBodyEmitter.send(ResponseBodyEmitter.java:217) ~[spring-webmvc-6.2.6.jar:6.2.6]
	at org.springframework.web.servlet.mvc.method.annotation.SseEmitter.send(SseEmitter.java:135) ~[spring-webmvc-6.2.6.jar:6.2.6]
	at org.springframework.web.servlet.mvc.method.annotation.SseEmitter.send(SseEmitter.java:118) ~[spring-webmvc-6.2.6.jar:6.2.6]
	at org.springframework.web.servlet.mvc.method.annotation.ReactiveTypeHandler$SseEmitterSubscriber.send(ReactiveTypeHandler.java:440) ~[spring-webmvc-6.2.6.jar:6.2.6]
	at org.springframework.web.servlet.mvc.method.annotation.ReactiveTypeHandler$AbstractEmitterSubscriber.run(ReactiveTypeHandler.java:359) ~[spring-webmvc-6.2.6.jar:6.2.6]
	at io.micrometer.context.ContextSnapshot.lambda$wrap$0(ContextSnapshot.java:91) ~[context-propagation-1.1.3.jar:1.1.3]
	at java.base/java.lang.Thread.run(Thread.java:1583) [?:?]
2026-03-08 00:02:47.051 [http-nio-8080-exec-7] WARN  org.springframework.web.servlet.mvc.method.annotation.ExceptionHandlerExceptionResolver - Failure in @ExceptionHandler com.flora.ai.ecommerce.exception.GlobalExceptionHandler#handleOtherException(HttpServletRequest, Exception)
org.springframework.http.converter.HttpMessageNotWritableException: No converter for [class com.flora.ai.ecommerce.utils.Response] with preset Content-Type 'text/event-stream'
	at org.springframework.web.servlet.mvc.method.annotation.AbstractMessageConverterMethodProcessor.writeWithMessageConverters(AbstractMessageConverterMethodProcessor.java:365) ~[spring-webmvc-6.2.6.jar:6.2.6]
	at org.springframework.web.servlet.mvc.method.annotation.RequestResponseBodyMethodProcessor.handleReturnValue(RequestResponseBodyMethodProcessor.java:208) ~[spring-webmvc-6.2.6.jar:6.2.6]
	at org.springframework.web.method.support.HandlerMethodReturnValueHandlerComposite.handleReturnValue(HandlerMethodReturnValueHandlerComposite.java:78) ~[spring-web-6.2.6.jar:6.2.6]
	at org.springframework.web.servlet.mvc.method.annotation.ServletInvocableHandlerMethod.invokeAndHandle(ServletInvocableHandlerMethod.java:136) ~[spring-webmvc-6.2.6.jar:6.2.6]
	at org.springframework.web.servlet.mvc.method.annotation.ExceptionHandlerExceptionResolver.doResolveHandlerMethodException(ExceptionHandlerExceptionResolver.java:471) ~[spring-webmvc-6.2.6.jar:6.2.6]
	at org.springframework.web.servlet.handler.AbstractHandlerMethodExceptionResolver.doResolveException(AbstractHandlerMethodExceptionResolver.java:73) ~[spring-webmvc-6.2.6.jar:6.2.6]
	at org.springframework.web.servlet.handler.AbstractHandlerExceptionResolver.resolveException(AbstractHandlerExceptionResolver.java:182) ~[spring-webmvc-6.2.6.jar:6.2.6]
	at org.springframework.web.servlet.handler.HandlerExceptionResolverComposite.resolveException(HandlerExceptionResolverComposite.java:80) ~[spring-webmvc-6.2.6.jar:6.2.6]
	at org.springframework.web.servlet.DispatcherServlet.processHandlerException(DispatcherServlet.java:1359) ~[spring-webmvc-6.2.6.jar:6.2.6]
	at org.springframework.web.servlet.DispatcherServlet.processDispatchResult(DispatcherServlet.java:1161) ~[spring-webmvc-6.2.6.jar:6.2.6]
	at org.springframework.web.servlet.DispatcherServlet.doDispatch(DispatcherServlet.java:1106) ~[spring-webmvc-6.2.6.jar:6.2.6]
	at org.springframework.web.servlet.DispatcherServlet.doService(DispatcherServlet.java:979) ~[spring-webmvc-6.2.6.jar:6.2.6]
	at org.springframework.web.servlet.FrameworkServlet.processRequest(FrameworkServlet.java:1014) ~[spring-webmvc-6.2.6.jar:6.2.6]
	at org.springframework.web.servlet.FrameworkServlet.doPost(FrameworkServlet.java:914) ~[spring-webmvc-6.2.6.jar:6.2.6]
	at jakarta.servlet.http.HttpServlet.service(HttpServlet.java:590) ~[tomcat-embed-core-10.1.40.jar:6.0]
	at org.springframework.web.servlet.FrameworkServlet.service(FrameworkServlet.java:885) ~[spring-webmvc-6.2.6.jar:6.2.6]
	at jakarta.servlet.http.HttpServlet.service(HttpServlet.java:658) ~[tomcat-embed-core-10.1.40.jar:6.0]
	at org.apache.catalina.core.ApplicationFilterChain.internalDoFilter(ApplicationFilterChain.java:195) ~[tomcat-embed-core-10.1.40.jar:10.1.40]
	at org.apache.catalina.core.ApplicationFilterChain.doFilter(ApplicationFilterChain.java:140) ~[tomcat-embed-core-10.1.40.jar:10.1.40]
	at org.springframework.web.filter.RequestContextFilter.doFilterInternal(RequestContextFilter.java:100) ~[spring-web-6.2.6.jar:6.2.6]
	at org.springframework.web.filter.OncePerRequestFilter.doFilter(OncePerRequestFilter.java:116) ~[spring-web-6.2.6.jar:6.2.6]
	at org.apache.catalina.core.ApplicationFilterChain.internalDoFilter(ApplicationFilterChain.java:164) ~[tomcat-embed-core-10.1.40.jar:10.1.40]
	at org.apache.catalina.core.ApplicationFilterChain.doFilter(ApplicationFilterChain.java:140) ~[tomcat-embed-core-10.1.40.jar:10.1.40]
	at org.springframework.web.filter.OncePerRequestFilter.doFilter(OncePerRequestFilter.java:101) ~[spring-web-6.2.6.jar:6.2.6]
	at org.apache.catalina.core.ApplicationFilterChain.internalDoFilter(ApplicationFilterChain.java:164) ~[tomcat-embed-core-10.1.40.jar:10.1.40]
	at org.apache.catalina.core.ApplicationFilterChain.doFilter(ApplicationFilterChain.java:140) ~[tomcat-embed-core-10.1.40.jar:10.1.40]
	at org.springframework.web.filter.OncePerRequestFilter.doFilter(OncePerRequestFilter.java:101) ~[spring-web-6.2.6.jar:6.2.6]
	at org.apache.catalina.core.ApplicationFilterChain.internalDoFilter(ApplicationFilterChain.java:164) ~[tomcat-embed-core-10.1.40.jar:10.1.40]
	at org.apache.catalina.core.ApplicationFilterChain.doFilter(ApplicationFilterChain.java:140) ~[tomcat-embed-core-10.1.40.jar:10.1.40]
	at org.apache.catalina.core.ApplicationDispatcher.invoke(ApplicationDispatcher.java:612) ~[tomcat-embed-core-10.1.40.jar:10.1.40]
	at org.apache.catalina.core.ApplicationDispatcher.doDispatch(ApplicationDispatcher.java:540) ~[tomcat-embed-core-10.1.40.jar:10.1.40]
	at org.apache.catalina.core.ApplicationDispatcher.dispatch(ApplicationDispatcher.java:511) ~[tomcat-embed-core-10.1.40.jar:10.1.40]
	at org.apache.catalina.core.AsyncContextImpl$AsyncRunnable.run(AsyncContextImpl.java:599) ~[tomcat-embed-core-10.1.40.jar:10.1.40]
	at org.apache.catalina.core.AsyncContextImpl.doInternalDispatch(AsyncContextImpl.java:342) ~[tomcat-embed-core-10.1.40.jar:10.1.40]
	at org.apache.catalina.core.StandardWrapperValve.invoke(StandardWrapperValve.java:165) ~[tomcat-embed-core-10.1.40.jar:10.1.40]
	at org.apache.catalina.core.StandardContextValve.invoke(StandardContextValve.java:90) ~[tomcat-embed-core-10.1.40.jar:10.1.40]
	at org.apache.catalina.authenticator.AuthenticatorBase.invoke(AuthenticatorBase.java:483) ~[tomcat-embed-core-10.1.40.jar:10.1.40]
	at org.apache.catalina.core.StandardHostValve.invoke(StandardHostValve.java:116) ~[tomcat-embed-core-10.1.40.jar:10.1.40]
	at org.apache.catalina.valves.ErrorReportValve.invoke(ErrorReportValve.java:93) ~[tomcat-embed-core-10.1.40.jar:10.1.40]
	at org.apache.catalina.core.StandardEngineValve.invoke(StandardEngineValve.java:74) ~[tomcat-embed-core-10.1.40.jar:10.1.40]
	at org.apache.catalina.connector.CoyoteAdapter.asyncDispatch(CoyoteAdapter.java:239) ~[tomcat-embed-core-10.1.40.jar:10.1.40]
	at org.apache.coyote.AbstractProcessor.dispatch(AbstractProcessor.java:243) ~[tomcat-embed-core-10.1.40.jar:10.1.40]
	at org.apache.coyote.AbstractProcessorLight.process(AbstractProcessorLight.java:57) ~[tomcat-embed-core-10.1.40.jar:10.1.40]
	at org.apache.coyote.AbstractProtocol$ConnectionHandler.process(AbstractProtocol.java:903) ~[tomcat-embed-core-10.1.40.jar:10.1.40]
	at org.apache.tomcat.util.net.NioEndpoint$SocketProcessor.doRun(NioEndpoint.java:1740) ~[tomcat-embed-core-10.1.40.jar:10.1.40]
	at org.apache.tomcat.util.net.SocketProcessorBase.run(SocketProcessorBase.java:52) ~[tomcat-embed-core-10.1.40.jar:10.1.40]
	at org.apache.tomcat.util.threads.ThreadPoolExecutor.runWorker(ThreadPoolExecutor.java:1189) ~[tomcat-embed-core-10.1.40.jar:10.1.40]
	at org.apache.tomcat.util.threads.ThreadPoolExecutor$Worker.run(ThreadPoolExecutor.java:658) ~[tomcat-embed-core-10.1.40.jar:10.1.40]
	at org.apache.tomcat.util.threads.TaskThread$WrappingRunnable.run(TaskThread.java:63) ~[tomcat-embed-core-10.1.40.jar:10.1.40]
	at java.base/java.lang.Thread.run(Thread.java:1583) [?:?]
2026-03-08 00:02:47.053 [http-nio-8080-exec-7] ERROR org.apache.catalina.core.ContainerBase.[Tomcat].[localhost].[/].[dispatcherServlet] - Servlet.service() for servlet [dispatcherServlet] threw exception
java.io.IOException: 你的主机中的软件中止了一个已建立的连接。
	at java.base/sun.nio.ch.SocketDispatcher.write0(Native Method) ~[?:?]
	at java.base/sun.nio.ch.SocketDispatcher.write(SocketDispatcher.java:54) ~[?:?]
	at java.base/sun.nio.ch.IOUtil.writeFromNativeBuffer(IOUtil.java:137) ~[?:?]
	at java.base/sun.nio.ch.IOUtil.write(IOUtil.java:102) ~[?:?]
	at java.base/sun.nio.ch.IOUtil.write(IOUtil.java:58) ~[?:?]
	at java.base/sun.nio.ch.SocketChannelImpl.write(SocketChannelImpl.java:542) ~[?:?]
	at org.apache.tomcat.util.net.NioChannel.write(NioChannel.java:122) ~[tomcat-embed-core-10.1.40.jar:10.1.40]
	at org.apache.tomcat.util.net.NioEndpoint$NioSocketWrapper.doWrite(NioEndpoint.java:1380) ~[tomcat-embed-core-10.1.40.jar:10.1.40]
	at org.apache.tomcat.util.net.SocketWrapperBase.doWrite(SocketWrapperBase.java:764) ~[tomcat-embed-core-10.1.40.jar:10.1.40]
	at org.apache.tomcat.util.net.SocketWrapperBase.flushBlocking(SocketWrapperBase.java:728) ~[tomcat-embed-core-10.1.40.jar:10.1.40]
	at org.apache.tomcat.util.net.SocketWrapperBase.flush(SocketWrapperBase.java:712) ~[tomcat-embed-core-10.1.40.jar:10.1.40]
	at org.apache.coyote.http11.Http11OutputBuffer$SocketOutputBuffer.flush(Http11OutputBuffer.java:574) ~[tomcat-embed-core-10.1.40.jar:10.1.40]
	at org.apache.coyote.http11.filters.ChunkedOutputFilter.flush(ChunkedOutputFilter.java:156) ~[tomcat-embed-core-10.1.40.jar:10.1.40]
	at org.apache.coyote.http11.Http11OutputBuffer.flush(Http11OutputBuffer.java:216) ~[tomcat-embed-core-10.1.40.jar:10.1.40]
	at org.apache.coyote.http11.Http11Processor.flush(Http11Processor.java:1271) ~[tomcat-embed-core-10.1.40.jar:10.1.40]
	at org.apache.coyote.AbstractProcessor.action(AbstractProcessor.java:408) ~[tomcat-embed-core-10.1.40.jar:10.1.40]
	at org.apache.coyote.Response.action(Response.java:208) ~[tomcat-embed-core-10.1.40.jar:10.1.40]
	at org.apache.catalina.connector.OutputBuffer.doFlush(OutputBuffer.java:300) ~[tomcat-embed-core-10.1.40.jar:10.1.40]
	at org.apache.catalina.connector.OutputBuffer.flush(OutputBuffer.java:266) ~[tomcat-embed-core-10.1.40.jar:10.1.40]
	at org.apache.catalina.connector.CoyoteOutputStream.flush(CoyoteOutputStream.java:133) ~[tomcat-embed-core-10.1.40.jar:10.1.40]
	at org.springframework.web.context.request.async.StandardServletAsyncWebRequest$LifecycleServletOutputStream.flush(StandardServletAsyncWebRequest.java:415) ~[spring-web-6.2.6.jar:6.2.6]
	at java.base/java.io.FilterOutputStream.flush(FilterOutputStream.java:155) ~[?:?]
	at com.fasterxml.jackson.core.json.UTF8JsonGenerator.flush(UTF8JsonGenerator.java:1205) ~[jackson-core-2.18.3.jar:2.18.3]
	at com.fasterxml.jackson.databind.ObjectWriter.writeValue(ObjectWriter.java:1063) ~[jackson-databind-2.18.3.jar:2.18.3]
	at org.springframework.http.converter.json.AbstractJackson2HttpMessageConverter.writeInternal(AbstractJackson2HttpMessageConverter.java:486) ~[spring-web-6.2.6.jar:6.2.6]
	at org.springframework.http.converter.AbstractGenericHttpMessageConverter.writeInternal(AbstractGenericHttpMessageConverter.java:135) ~[spring-web-6.2.6.jar:6.2.6]
	at org.springframework.http.converter.AbstractHttpMessageConverter.write(AbstractHttpMessageConverter.java:235) ~[spring-web-6.2.6.jar:6.2.6]
	at org.springframework.web.servlet.mvc.method.annotation.ResponseBodyEmitterReturnValueHandler$DefaultSseEmitterHandler.sendInternal(ResponseBodyEmitterReturnValueHandler.java:310) ~[spring-webmvc-6.2.6.jar:6.2.6]
	at org.springframework.web.servlet.mvc.method.annotation.ResponseBodyEmitterReturnValueHandler$DefaultSseEmitterHandler.send(ResponseBodyEmitterReturnValueHandler.java:297) ~[spring-webmvc-6.2.6.jar:6.2.6]
	at org.springframework.web.servlet.mvc.method.annotation.ResponseBodyEmitter.sendInternal(ResponseBodyEmitter.java:226) ~[spring-webmvc-6.2.6.jar:6.2.6]
	at org.springframework.web.servlet.mvc.method.annotation.ResponseBodyEmitter.send(ResponseBodyEmitter.java:217) ~[spring-webmvc-6.2.6.jar:6.2.6]
	at org.springframework.web.servlet.mvc.method.annotation.SseEmitter.send(SseEmitter.java:135) ~[spring-webmvc-6.2.6.jar:6.2.6]
	at org.springframework.web.servlet.mvc.method.annotation.SseEmitter.send(SseEmitter.java:118) ~[spring-webmvc-6.2.6.jar:6.2.6]
	at org.springframework.web.servlet.mvc.method.annotation.ReactiveTypeHandler$SseEmitterSubscriber.send(ReactiveTypeHandler.java:440) ~[spring-webmvc-6.2.6.jar:6.2.6]
	at org.springframework.web.servlet.mvc.method.annotation.ReactiveTypeHandler$AbstractEmitterSubscriber.run(ReactiveTypeHandler.java:359) ~[spring-webmvc-6.2.6.jar:6.2.6]
	at io.micrometer.context.ContextSnapshot.lambda$wrap$0(ContextSnapshot.java:91) ~[context-propagation-1.1.3.jar:1.1.3]
	at java.base/java.lang.Thread.run(Thread.java:1583) [?:?]
2026-03-08 00:02:47.053 [http-nio-8080-exec-7] ERROR org.apache.catalina.core.ContainerBase.[Tomcat].[localhost].[/].[dispatcherServlet] - Servlet.service() for servlet [dispatcherServlet] in context with path [] threw exception
java.io.IOException: 你的主机中的软件中止了一个已建立的连接。
	at java.base/sun.nio.ch.SocketDispatcher.write0(Native Method) ~[?:?]
	at java.base/sun.nio.ch.SocketDispatcher.write(SocketDispatcher.java:54) ~[?:?]
	at java.base/sun.nio.ch.IOUtil.writeFromNativeBuffer(IOUtil.java:137) ~[?:?]
	at java.base/sun.nio.ch.IOUtil.write(IOUtil.java:102) ~[?:?]
	at java.base/sun.nio.ch.IOUtil.write(IOUtil.java:58) ~[?:?]
	at java.base/sun.nio.ch.SocketChannelImpl.write(SocketChannelImpl.java:542) ~[?:?]
	at org.apache.tomcat.util.net.NioChannel.write(NioChannel.java:122) ~[tomcat-embed-core-10.1.40.jar:10.1.40]
	at org.apache.tomcat.util.net.NioEndpoint$NioSocketWrapper.doWrite(NioEndpoint.java:1380) ~[tomcat-embed-core-10.1.40.jar:10.1.40]
	at org.apache.tomcat.util.net.SocketWrapperBase.doWrite(SocketWrapperBase.java:764) ~[tomcat-embed-core-10.1.40.jar:10.1.40]
	at org.apache.tomcat.util.net.SocketWrapperBase.flushBlocking(SocketWrapperBase.java:728) ~[tomcat-embed-core-10.1.40.jar:10.1.40]
	at org.apache.tomcat.util.net.SocketWrapperBase.flush(SocketWrapperBase.java:712) ~[tomcat-embed-core-10.1.40.jar:10.1.40]
	at org.apache.coyote.http11.Http11OutputBuffer$SocketOutputBuffer.flush(Http11OutputBuffer.java:574) ~[tomcat-embed-core-10.1.40.jar:10.1.40]
	at org.apache.coyote.http11.filters.ChunkedOutputFilter.flush(ChunkedOutputFilter.java:156) ~[tomcat-embed-core-10.1.40.jar:10.1.40]
	at org.apache.coyote.http11.Http11OutputBuffer.flush(Http11OutputBuffer.java:216) ~[tomcat-embed-core-10.1.40.jar:10.1.40]
	at org.apache.coyote.http11.Http11Processor.flush(Http11Processor.java:1271) ~[tomcat-embed-core-10.1.40.jar:10.1.40]
	at org.apache.coyote.AbstractProcessor.action(AbstractProcessor.java:408) ~[tomcat-embed-core-10.1.40.jar:10.1.40]
	at org.apache.coyote.Response.action(Response.java:208) ~[tomcat-embed-core-10.1.40.jar:10.1.40]
	at org.apache.catalina.connector.OutputBuffer.doFlush(OutputBuffer.java:300) ~[tomcat-embed-core-10.1.40.jar:10.1.40]
	at org.apache.catalina.connector.OutputBuffer.flush(OutputBuffer.java:266) ~[tomcat-embed-core-10.1.40.jar:10.1.40]
	at org.apache.catalina.connector.CoyoteOutputStream.flush(CoyoteOutputStream.java:133) ~[tomcat-embed-core-10.1.40.jar:10.1.40]
	at org.springframework.web.context.request.async.StandardServletAsyncWebRequest$LifecycleServletOutputStream.flush(StandardServletAsyncWebRequest.java:415) ~[spring-web-6.2.6.jar:6.2.6]
	at java.base/java.io.FilterOutputStream.flush(FilterOutputStream.java:155) ~[?:?]
	at com.fasterxml.jackson.core.json.UTF8JsonGenerator.flush(UTF8JsonGenerator.java:1205) ~[jackson-core-2.18.3.jar:2.18.3]
	at com.fasterxml.jackson.databind.ObjectWriter.writeValue(ObjectWriter.java:1063) ~[jackson-databind-2.18.3.jar:2.18.3]
	at org.springframework.http.converter.json.AbstractJackson2HttpMessageConverter.writeInternal(AbstractJackson2HttpMessageConverter.java:486) ~[spring-web-6.2.6.jar:6.2.6]
	at org.springframework.http.converter.AbstractGenericHttpMessageConverter.writeInternal(AbstractGenericHttpMessageConverter.java:135) ~[spring-web-6.2.6.jar:6.2.6]
	at org.springframework.http.converter.AbstractHttpMessageConverter.write(AbstractHttpMessageConverter.java:235) ~[spring-web-6.2.6.jar:6.2.6]
	at org.springframework.web.servlet.mvc.method.annotation.ResponseBodyEmitterReturnValueHandler$DefaultSseEmitterHandler.sendInternal(ResponseBodyEmitterReturnValueHandler.java:310) ~[spring-webmvc-6.2.6.jar:6.2.6]
	at org.springframework.web.servlet.mvc.method.annotation.ResponseBodyEmitterReturnValueHandler$DefaultSseEmitterHandler.send(ResponseBodyEmitterReturnValueHandler.java:297) ~[spring-webmvc-6.2.6.jar:6.2.6]
	at org.springframework.web.servlet.mvc.method.annotation.ResponseBodyEmitter.sendInternal(ResponseBodyEmitter.java:226) ~[spring-webmvc-6.2.6.jar:6.2.6]
	at org.springframework.web.servlet.mvc.method.annotation.ResponseBodyEmitter.send(ResponseBodyEmitter.java:217) ~[spring-webmvc-6.2.6.jar:6.2.6]
	at org.springframework.web.servlet.mvc.method.annotation.SseEmitter.send(SseEmitter.java:135) ~[spring-webmvc-6.2.6.jar:6.2.6]
	at org.springframework.web.servlet.mvc.method.annotation.SseEmitter.send(SseEmitter.java:118) ~[spring-webmvc-6.2.6.jar:6.2.6]
	at org.springframework.web.servlet.mvc.method.annotation.ReactiveTypeHandler$SseEmitterSubscriber.send(ReactiveTypeHandler.java:440) ~[spring-webmvc-6.2.6.jar:6.2.6]
	at org.springframework.web.servlet.mvc.method.annotation.ReactiveTypeHandler$AbstractEmitterSubscriber.run(ReactiveTypeHandler.java:359) ~[spring-webmvc-6.2.6.jar:6.2.6]
	at io.micrometer.context.ContextSnapshot.lambda$wrap$0(ContextSnapshot.java:91) ~[context-propagation-1.1.3.jar:1.1.3]
	at java.base/java.lang.Thread.run(Thread.java:1583) [?:?]
2026-03-08 00:02:47.054 [boundedElastic-3] INFO  com.flora.ai.ecommerce.advisor.CustomStreamLoggerAndMessage2DBAdvisor - ## chunk: null
2026-03-08 00:02:47.056 [boundedElastic-3] INFO  com.flora.ai.ecommerce.advisor.CustomStreamLoggerAndMessage2DBAdvisor - ## chunk: null
2026-03-08 00:02:47.137 [boundedElastic-3] INFO  com.flora.ai.ecommerce.advisor.CustomStreamLoggerAndMessage2DBAdvisor - ## chunk: null
2026-03-08 00:02:47.139 [boundedElastic-3] INFO  com.flora.ai.ecommerce.advisor.CustomStreamLoggerAndMessage2DBAdvisor - ## chunk: null
2026-03-08 00:02:47.238 [boundedElastic-3] INFO  com.flora.ai.ecommerce.advisor.CustomStreamLoggerAndMessage2DBAdvisor - ## chunk: null
2026-03-08 00:02:47.243 [boundedElastic-3] INFO  com.flora.ai.ecommerce.advisor.CustomStreamLoggerAndMessage2DBAdvisor - ## chunk: null
2026-03-08 00:02:47.390 [boundedElastic-3] INFO  com.flora.ai.ecommerce.advisor.CustomStreamLoggerAndMessage2DBAdvisor - ## chunk: null
2026-03-08 00:02:47.393 [boundedElastic-3] INFO  com.flora.ai.ecommerce.advisor.CustomStreamLoggerAndMessage2DBAdvisor - ## chunk: null
2026-03-08 00:02:47.487 [boundedElastic-3] INFO  com.flora.ai.ecommerce.advisor.CustomStreamLoggerAndMessage2DBAdvisor - ## chunk: null
2026-03-08 00:02:47.491 [boundedElastic-3] INFO  com.flora.ai.ecommerce.advisor.CustomStreamLoggerAndMessage2DBAdvisor - ## chunk: null
2026-03-08 00:02:47.590 [boundedElastic-3] INFO  com.flora.ai.ecommerce.advisor.CustomStreamLoggerAndMessage2DBAdvisor - ## chunk: null
2026-03-08 00:02:47.593 [boundedElastic-3] INFO  com.flora.ai.ecommerce.advisor.CustomStreamLoggerAndMessage2DBAdvisor - ## chunk: null
2026-03-08 00:02:47.698 [boundedElastic-3] INFO  com.flora.ai.ecommerce.advisor.CustomStreamLoggerAndMessage2DBAdvisor - ## chunk: null
2026-03-08 00:02:47.699 [boundedElastic-3] INFO  com.flora.ai.ecommerce.advisor.CustomStreamLoggerAndMessage2DBAdvisor - ## chunk: null
2026-03-08 00:02:47.788 [boundedElastic-3] INFO  com.flora.ai.ecommerce.advisor.CustomStreamLoggerAndMessage2DBAdvisor - ## chunk: null
2026-03-08 00:02:47.793 [boundedElastic-3] INFO  com.flora.ai.ecommerce.advisor.CustomStreamLoggerAndMessage2DBAdvisor - ## chunk: null
2026-03-08 00:02:47.888 [boundedElastic-3] INFO  com.flora.ai.ecommerce.advisor.CustomStreamLoggerAndMessage2DBAdvisor - ## chunk: null
2026-03-08 00:02:47.893 [boundedElastic-3] INFO  com.flora.ai.ecommerce.advisor.CustomStreamLoggerAndMessage2DBAdvisor - ## chunk: null
2026-03-08 00:02:47.987 [boundedElastic-3] INFO  com.flora.ai.ecommerce.advisor.CustomStreamLoggerAndMessage2DBAdvisor - ## chunk: null
2026-03-08 00:02:47.990 [boundedElastic-3] INFO  com.flora.ai.ecommerce.advisor.CustomStreamLoggerAndMessage2DBAdvisor - ## chunk: null
2026-03-08 00:02:48.139 [boundedElastic-3] INFO  com.flora.ai.ecommerce.advisor.CustomStreamLoggerAndMessage2DBAdvisor - ## chunk: null
2026-03-08 00:02:48.142 [boundedElastic-3] INFO  com.flora.ai.ecommerce.advisor.CustomStreamLoggerAndMessage2DBAdvisor - ## chunk: null
2026-03-08 00:02:48.289 [boundedElastic-3] INFO  com.flora.ai.ecommerce.advisor.CustomStreamLoggerAndMessage2DBAdvisor - ## chunk: null
2026-03-08 00:02:48.291 [boundedElastic-3] INFO  com.flora.ai.ecommerce.advisor.CustomStreamLoggerAndMessage2DBAdvisor - ## chunk: null
2026-03-08 00:02:48.397 [boundedElastic-3] INFO  com.flora.ai.ecommerce.advisor.CustomStreamLoggerAndMessage2DBAdvisor - ## chunk: null
2026-03-08 00:02:48.397 [boundedElastic-3] INFO  com.flora.ai.ecommerce.advisor.CustomStreamLoggerAndMessage2DBAdvisor - ## chunk: null
2026-03-08 00:02:48.494 [boundedElastic-3] INFO  com.flora.ai.ecommerce.advisor.CustomStreamLoggerAndMessage2DBAdvisor - ## chunk: null
2026-03-08 00:02:48.498 [boundedElastic-3] INFO  com.flora.ai.ecommerce.advisor.CustomStreamLoggerAndMessage2DBAdvisor - ## chunk: null
2026-03-08 00:02:48.596 [boundedElastic-3] INFO  com.flora.ai.ecommerce.advisor.CustomStreamLoggerAndMessage2DBAdvisor - ## chunk: null
2026-03-08 00:02:48.603 [boundedElastic-3] INFO  com.flora.ai.ecommerce.advisor.CustomStreamLoggerAndMessage2DBAdvisor - ## chunk: null
2026-03-08 00:02:48.702 [boundedElastic-3] INFO  com.flora.ai.ecommerce.advisor.CustomStreamLoggerAndMessage2DBAdvisor - ## chunk: null
2026-03-08 00:02:48.704 [boundedElastic-3] INFO  com.flora.ai.ecommerce.advisor.CustomStreamLoggerAndMessage2DBAdvisor - ## chunk: null
2026-03-08 00:02:48.804 [boundedElastic-3] INFO  com.flora.ai.ecommerce.advisor.CustomStreamLoggerAndMessage2DBAdvisor - ## chunk: null
2026-03-08 00:02:48.807 [boundedElastic-3] INFO  com.flora.ai.ecommerce.advisor.CustomStreamLoggerAndMessage2DBAdvisor - ## chunk: null
2026-03-08 00:02:48.921 [boundedElastic-3] INFO  com.flora.ai.ecommerce.advisor.CustomStreamLoggerAndMessage2DBAdvisor - ## chunk: null
2026-03-08 00:02:48.923 [boundedElastic-3] INFO  com.flora.ai.ecommerce.advisor.CustomStreamLoggerAndMessage2DBAdvisor - ## chunk: null
2026-03-08 00:02:49.059 [boundedElastic-3] INFO  com.flora.ai.ecommerce.advisor.CustomStreamLoggerAndMessage2DBAdvisor - ## chunk: null
2026-03-08 00:02:49.065 [boundedElastic-3] INFO  com.flora.ai.ecommerce.advisor.CustomStreamLoggerAndMessage2DBAdvisor - ## chunk: null
2026-03-08 00:02:49.160 [boundedElastic-3] INFO  com.flora.ai.ecommerce.advisor.CustomStreamLoggerAndMessage2DBAdvisor - ## chunk: null
2026-03-08 00:02:49.165 [boundedElastic-3] INFO  com.flora.ai.ecommerce.advisor.CustomStreamLoggerAndMessage2DBAdvisor - ## chunk: null
2026-03-08 00:02:49.267 [boundedElastic-3] INFO  com.flora.ai.ecommerce.advisor.CustomStreamLoggerAndMessage2DBAdvisor - ## chunk: null
2026-03-08 00:02:49.270 [boundedElastic-3] INFO  com.flora.ai.ecommerce.advisor.CustomStreamLoggerAndMessage2DBAdvisor - ## chunk: null
2026-03-08 00:02:49.422 [boundedElastic-3] INFO  com.flora.ai.ecommerce.advisor.CustomStreamLoggerAndMessage2DBAdvisor - ## chunk: null
2026-03-08 00:02:49.426 [boundedElastic-3] INFO  com.flora.ai.ecommerce.advisor.CustomStreamLoggerAndMessage2DBAdvisor - ## chunk: null
2026-03-08 00:02:49.577 [boundedElastic-3] INFO  com.flora.ai.ecommerce.advisor.CustomStreamLoggerAndMessage2DBAdvisor - ## chunk: null
2026-03-08 00:02:49.577 [boundedElastic-3] INFO  com.flora.ai.ecommerce.advisor.CustomStreamLoggerAndMessage2DBAdvisor - ## chunk: null
2026-03-08 00:02:49.682 [boundedElastic-3] INFO  com.flora.ai.ecommerce.advisor.CustomStreamLoggerAndMessage2DBAdvisor - ## chunk: null
2026-03-08 00:02:49.685 [boundedElastic-3] INFO  com.flora.ai.ecommerce.advisor.CustomStreamLoggerAndMessage2DBAdvisor - ## chunk: null
2026-03-08 00:02:49.832 [boundedElastic-3] INFO  com.flora.ai.ecommerce.advisor.CustomStreamLoggerAndMessage2DBAdvisor - ## chunk: null
2026-03-08 00:02:49.834 [boundedElastic-3] INFO  com.flora.ai.ecommerce.advisor.CustomStreamLoggerAndMessage2DBAdvisor - ## chunk: null
2026-03-08 00:02:50.035 [boundedElastic-3] INFO  com.flora.ai.ecommerce.advisor.CustomStreamLoggerAndMessage2DBAdvisor - ## chunk: null
2026-03-08 00:02:50.036 [boundedElastic-3] INFO  com.flora.ai.ecommerce.advisor.CustomStreamLoggerAndMessage2DBAdvisor - ## chunk: null
2026-03-08 00:02:50.250 [boundedElastic-3] INFO  com.flora.ai.ecommerce.advisor.CustomStreamLoggerAndMessage2DBAdvisor - ## chunk: null
2026-03-08 00:02:50.253 [boundedElastic-3] INFO  com.flora.ai.ecommerce.advisor.CustomStreamLoggerAndMessage2DBAdvisor - ## chunk: null
2026-03-08 00:02:50.350 [boundedElastic-3] INFO  com.flora.ai.ecommerce.advisor.CustomStreamLoggerAndMessage2DBAdvisor - ## chunk: null
2026-03-08 00:02:50.355 [boundedElastic-3] INFO  com.flora.ai.ecommerce.advisor.CustomStreamLoggerAndMessage2DBAdvisor - ## chunk: null
2026-03-08 00:02:50.557 [boundedElastic-3] INFO  com.flora.ai.ecommerce.advisor.CustomStreamLoggerAndMessage2DBAdvisor - ## chunk: null
2026-03-08 00:02:50.560 [boundedElastic-3] INFO  com.flora.ai.ecommerce.advisor.CustomStreamLoggerAndMessage2DBAdvisor - ## chunk: null
2026-03-08 00:02:50.713 [boundedElastic-3] INFO  com.flora.ai.ecommerce.advisor.CustomStreamLoggerAndMessage2DBAdvisor - ## chunk: null
2026-03-08 00:02:50.716 [boundedElastic-3] INFO  com.flora.ai.ecommerce.advisor.CustomStreamLoggerAndMessage2DBAdvisor - ## chunk: null
2026-03-08 00:02:50.818 [boundedElastic-3] INFO  com.flora.ai.ecommerce.advisor.CustomStreamLoggerAndMessage2DBAdvisor - ## chunk: null
2026-03-08 00:02:50.821 [boundedElastic-3] INFO  com.flora.ai.ecommerce.advisor.CustomStreamLoggerAndMessage2DBAdvisor - ## chunk: null
2026-03-08 00:02:50.916 [boundedElastic-3] INFO  com.flora.ai.ecommerce.advisor.CustomStreamLoggerAndMessage2DBAdvisor - ## chunk: null
2026-03-08 00:02:50.921 [boundedElastic-3] INFO  com.flora.ai.ecommerce.advisor.CustomStreamLoggerAndMessage2DBAdvisor - ## chunk: null
2026-03-08 00:02:51.017 [boundedElastic-3] INFO  com.flora.ai.ecommerce.advisor.CustomStreamLoggerAndMessage2DBAdvisor - ## chunk: null
2026-03-08 00:02:51.020 [boundedElastic-3] INFO  com.flora.ai.ecommerce.advisor.CustomStreamLoggerAndMessage2DBAdvisor - ## chunk: null
2026-03-08 00:02:51.175 [boundedElastic-3] INFO  com.flora.ai.ecommerce.advisor.CustomStreamLoggerAndMessage2DBAdvisor - ## chunk: null
2026-03-08 00:02:51.176 [boundedElastic-3] INFO  com.flora.ai.ecommerce.advisor.CustomStreamLoggerAndMessage2DBAdvisor - ## chunk: null
2026-03-08 00:02:51.278 [boundedElastic-3] INFO  com.flora.ai.ecommerce.advisor.CustomStreamLoggerAndMessage2DBAdvisor - ## chunk: null
2026-03-08 00:02:51.281 [boundedElastic-3] INFO  com.flora.ai.ecommerce.advisor.CustomStreamLoggerAndMessage2DBAdvisor - ## chunk: null
2026-03-08 00:02:51.433 [boundedElastic-3] INFO  com.flora.ai.ecommerce.advisor.CustomStreamLoggerAndMessage2DBAdvisor - ## chunk: null
2026-03-08 00:02:51.437 [boundedElastic-3] INFO  com.flora.ai.ecommerce.advisor.CustomStreamLoggerAndMessage2DBAdvisor - ## chunk: null
2026-03-08 00:02:51.528 [boundedElastic-3] INFO  com.flora.ai.ecommerce.advisor.CustomStreamLoggerAndMessage2DBAdvisor - ## chunk: null
2026-03-08 00:02:51.535 [boundedElastic-3] INFO  com.flora.ai.ecommerce.advisor.CustomStreamLoggerAndMessage2DBAdvisor - ## chunk: null
2026-03-08 00:02:51.630 [boundedElastic-3] INFO  com.flora.ai.ecommerce.advisor.CustomStreamLoggerAndMessage2DBAdvisor - ## chunk: null
2026-03-08 00:02:51.632 [boundedElastic-3] INFO  com.flora.ai.ecommerce.advisor.CustomStreamLoggerAndMessage2DBAdvisor - ## chunk: null
2026-03-08 00:02:51.729 [boundedElastic-3] INFO  com.flora.ai.ecommerce.advisor.CustomStreamLoggerAndMessage2DBAdvisor - ## chunk: null
2026-03-08 00:02:51.730 [boundedElastic-3] INFO  com.flora.ai.ecommerce.advisor.CustomStreamLoggerAndMessage2DBAdvisor - ## chunk: null
2026-03-08 00:02:51.827 [boundedElastic-3] INFO  com.flora.ai.ecommerce.advisor.CustomStreamLoggerAndMessage2DBAdvisor - ## chunk: null
2026-03-08 00:02:51.830 [boundedElastic-3] INFO  com.flora.ai.ecommerce.advisor.CustomStreamLoggerAndMessage2DBAdvisor - ## chunk: null
2026-03-08 00:02:51.922 [boundedElastic-3] INFO  com.flora.ai.ecommerce.advisor.CustomStreamLoggerAndMessage2DBAdvisor - ## chunk: null
2026-03-08 00:02:51.967 [boundedElastic-3] INFO  com.flora.ai.ecommerce.advisor.CustomStreamLoggerAndMessage2DBAdvisor - ## chunk: null
2026-03-08 00:02:52.118 [boundedElastic-3] INFO  com.flora.ai.ecommerce.advisor.CustomStreamLoggerAndMessage2DBAdvisor - ## chunk: null
2026-03-08 00:02:52.121 [boundedElastic-3] INFO  com.flora.ai.ecommerce.advisor.CustomStreamLoggerAndMessage2DBAdvisor - ## chunk: null
2026-03-08 00:02:52.221 [boundedElastic-3] INFO  com.flora.ai.ecommerce.advisor.CustomStreamLoggerAndMessage2DBAdvisor - ## chunk: null
2026-03-08 00:02:52.224 [boundedElastic-3] INFO  com.flora.ai.ecommerce.advisor.CustomStreamLoggerAndMessage2DBAdvisor - ## chunk: null
2026-03-08 00:02:52.335 [boundedElastic-3] INFO  com.flora.ai.ecommerce.advisor.CustomStreamLoggerAndMessage2DBAdvisor - ## chunk: null
2026-03-08 00:02:52.335 [boundedElastic-3] INFO  com.flora.ai.ecommerce.advisor.CustomStreamLoggerAndMessage2DBAdvisor - ## chunk: null
2026-03-08 00:02:52.418 [boundedElastic-3] INFO  com.flora.ai.ecommerce.advisor.CustomStreamLoggerAndMessage2DBAdvisor - ## chunk: null
2026-03-08 00:02:52.422 [boundedElastic-3] INFO  com.flora.ai.ecommerce.advisor.CustomStreamLoggerAndMessage2DBAdvisor - ## chunk: null
2026-03-08 00:02:52.564 [boundedElastic-3] INFO  com.flora.ai.ecommerce.advisor.CustomStreamLoggerAndMessage2DBAdvisor - ## chunk: null
2026-03-08 00:02:52.567 [boundedElastic-3] INFO  com.flora.ai.ecommerce.advisor.CustomStreamLoggerAndMessage2DBAdvisor - ## chunk: null
2026-03-08 00:02:52.658 [boundedElastic-3] INFO  com.flora.ai.ecommerce.advisor.CustomStreamLoggerAndMessage2DBAdvisor - ## chunk: null
2026-03-08 00:02:52.663 [boundedElastic-3] INFO  com.flora.ai.ecommerce.advisor.CustomStreamLoggerAndMessage2DBAdvisor - ## chunk: null
2026-03-08 00:02:52.763 [boundedElastic-3] INFO  com.flora.ai.ecommerce.advisor.CustomStreamLoggerAndMessage2DBAdvisor - ## chunk: null
2026-03-08 00:02:52.765 [boundedElastic-3] INFO  com.flora.ai.ecommerce.advisor.CustomStreamLoggerAndMessage2DBAdvisor - ## chunk: null
2026-03-08 00:02:52.910 [boundedElastic-3] INFO  com.flora.ai.ecommerce.advisor.CustomStreamLoggerAndMessage2DBAdvisor - ## chunk: null
2026-03-08 00:02:52.914 [boundedElastic-3] INFO  com.flora.ai.ecommerce.advisor.CustomStreamLoggerAndMessage2DBAdvisor - ## chunk: null
2026-03-08 00:02:53.008 [boundedElastic-3] INFO  com.flora.ai.ecommerce.advisor.CustomStreamLoggerAndMessage2DBAdvisor - ## chunk: null
2026-03-08 00:02:53.012 [boundedElastic-3] INFO  com.flora.ai.ecommerce.advisor.CustomStreamLoggerAndMessage2DBAdvisor - ## chunk: null
2026-03-08 00:02:53.163 [boundedElastic-3] INFO  com.flora.ai.ecommerce.advisor.CustomStreamLoggerAndMessage2DBAdvisor - ## chunk: null
2026-03-08 00:02:53.166 [boundedElastic-3] INFO  com.flora.ai.ecommerce.advisor.CustomStreamLoggerAndMessage2DBAdvisor - ## chunk: null
2026-03-08 00:02:53.372 [boundedElastic-3] INFO  com.flora.ai.ecommerce.advisor.CustomStreamLoggerAndMessage2DBAdvisor - ## chunk: null
2026-03-08 00:02:53.375 [boundedElastic-3] INFO  com.flora.ai.ecommerce.advisor.CustomStreamLoggerAndMessage2DBAdvisor - ## chunk: null
2026-03-08 00:02:53.480 [boundedElastic-3] INFO  com.flora.ai.ecommerce.advisor.CustomStreamLoggerAndMessage2DBAdvisor - ## chunk: null
2026-03-08 00:02:53.481 [boundedElastic-3] INFO  com.flora.ai.ecommerce.advisor.CustomStreamLoggerAndMessage2DBAdvisor - ## chunk: null
2026-03-08 00:02:53.586 [boundedElastic-3] INFO  com.flora.ai.ecommerce.advisor.CustomStreamLoggerAndMessage2DBAdvisor - ## chunk: null
2026-03-08 00:02:53.588 [boundedElastic-3] INFO  com.flora.ai.ecommerce.advisor.CustomStreamLoggerAndMessage2DBAdvisor - ## chunk: null
2026-03-08 00:02:53.694 [boundedElastic-3] INFO  com.flora.ai.ecommerce.advisor.CustomStreamLoggerAndMessage2DBAdvisor - ## chunk: null
2026-03-08 00:02:53.695 [boundedElastic-3] INFO  com.flora.ai.ecommerce.advisor.CustomStreamLoggerAndMessage2DBAdvisor - ## chunk: null
2026-03-08 00:02:53.852 [boundedElastic-3] INFO  com.flora.ai.ecommerce.advisor.CustomStreamLoggerAndMessage2DBAdvisor - ## chunk: null
2026-03-08 00:02:53.856 [boundedElastic-3] INFO  com.flora.ai.ecommerce.advisor.CustomStreamLoggerAndMessage2DBAdvisor - ## chunk: null
2026-03-08 00:02:54.021 [boundedElastic-3] INFO  com.flora.ai.ecommerce.advisor.CustomStreamLoggerAndMessage2DBAdvisor - ## chunk: null
2026-03-08 00:02:54.024 [boundedElastic-3] INFO  com.flora.ai.ecommerce.advisor.CustomStreamLoggerAndMessage2DBAdvisor - ## chunk: null
2026-03-08 00:02:54.128 [boundedElastic-3] INFO  com.flora.ai.ecommerce.advisor.CustomStreamLoggerAndMessage2DBAdvisor - ## chunk: null
2026-03-08 00:02:54.131 [boundedElastic-3] INFO  com.flora.ai.ecommerce.advisor.CustomStreamLoggerAndMessage2DBAdvisor - ## chunk: null
2026-03-08 00:02:54.236 [boundedElastic-3] INFO  com.flora.ai.ecommerce.advisor.CustomStreamLoggerAndMessage2DBAdvisor - ## chunk: null
2026-03-08 00:02:54.238 [boundedElastic-3] INFO  com.flora.ai.ecommerce.advisor.CustomStreamLoggerAndMessage2DBAdvisor - ## chunk: null
2026-03-08 00:02:54.375 [boundedElastic-3] INFO  com.flora.ai.ecommerce.advisor.CustomStreamLoggerAndMessage2DBAdvisor - ## chunk: null
2026-03-08 00:02:54.377 [boundedElastic-3] INFO  com.flora.ai.ecommerce.advisor.CustomStreamLoggerAndMessage2DBAdvisor - ## chunk: null
2026-03-08 00:02:54.449 [boundedElastic-3] INFO  com.flora.ai.ecommerce.advisor.CustomStreamLoggerAndMessage2DBAdvisor - ## chunk: null
2026-03-08 00:02:54.451 [boundedElastic-3] INFO  com.flora.ai.ecommerce.advisor.CustomStreamLoggerAndMessage2DBAdvisor - ## chunk: null
2026-03-08 00:02:54.551 [boundedElastic-3] INFO  com.flora.ai.ecommerce.advisor.CustomStreamLoggerAndMessage2DBAdvisor - ## chunk: null
2026-03-08 00:02:54.591 [boundedElastic-3] INFO  com.flora.ai.ecommerce.advisor.CustomStreamLoggerAndMessage2DBAdvisor - ## chunk: null
2026-03-08 00:02:54.657 [boundedElastic-3] INFO  com.flora.ai.ecommerce.advisor.CustomStreamLoggerAndMessage2DBAdvisor - ## chunk: null
2026-03-08 00:02:54.659 [boundedElastic-3] INFO  com.flora.ai.ecommerce.advisor.CustomStreamLoggerAndMessage2DBAdvisor - ## chunk: null
2026-03-08 00:02:54.759 [boundedElastic-3] INFO  com.flora.ai.ecommerce.advisor.CustomStreamLoggerAndMessage2DBAdvisor - ## chunk: null
2026-03-08 00:02:54.763 [boundedElastic-3] INFO  com.flora.ai.ecommerce.advisor.CustomStreamLoggerAndMessage2DBAdvisor - ## chunk: null
2026-03-08 00:02:54.872 [boundedElastic-3] INFO  com.flora.ai.ecommerce.advisor.CustomStreamLoggerAndMessage2DBAdvisor - ## chunk: null
2026-03-08 00:02:54.872 [boundedElastic-3] INFO  com.flora.ai.ecommerce.advisor.CustomStreamLoggerAndMessage2DBAdvisor - ## chunk: null
2026-03-08 00:02:54.967 [boundedElastic-3] INFO  com.flora.ai.ecommerce.advisor.CustomStreamLoggerAndMessage2DBAdvisor - ## chunk: null
2026-03-08 00:02:54.969 [boundedElastic-3] INFO  com.flora.ai.ecommerce.advisor.CustomStreamLoggerAndMessage2DBAdvisor - ## chunk: null
2026-03-08 00:02:55.075 [boundedElastic-3] INFO  com.flora.ai.ecommerce.advisor.CustomStreamLoggerAndMessage2DBAdvisor - ## chunk: null
2026-03-08 00:02:55.079 [boundedElastic-3] INFO  com.flora.ai.ecommerce.advisor.CustomStreamLoggerAndMessage2DBAdvisor - ## chunk: null
2026-03-08 00:02:55.233 [boundedElastic-3] INFO  com.flora.ai.ecommerce.advisor.CustomStreamLoggerAndMessage2DBAdvisor - ## chunk: null
2026-03-08 00:02:55.236 [boundedElastic-3] INFO  com.flora.ai.ecommerce.advisor.CustomStreamLoggerAndMessage2DBAdvisor - ## chunk: null
2026-03-08 00:02:55.342 [boundedElastic-3] INFO  com.flora.ai.ecommerce.advisor.CustomStreamLoggerAndMessage2DBAdvisor - ## chunk: null
2026-03-08 00:02:55.357 [boundedElastic-3] INFO  com.flora.ai.ecommerce.advisor.CustomStreamLoggerAndMessage2DBAdvisor - ## chunk: null
2026-03-08 00:02:55.544 [boundedElastic-3] INFO  com.flora.ai.ecommerce.advisor.CustomStreamLoggerAndMessage2DBAdvisor - ## chunk: null
2026-03-08 00:02:55.547 [boundedElastic-3] INFO  com.flora.ai.ecommerce.advisor.CustomStreamLoggerAndMessage2DBAdvisor - ## chunk: null
2026-03-08 00:02:55.697 [boundedElastic-3] INFO  com.flora.ai.ecommerce.advisor.CustomStreamLoggerAndMessage2DBAdvisor - ## chunk: null
2026-03-08 00:02:55.700 [boundedElastic-3] INFO  com.flora.ai.ecommerce.advisor.CustomStreamLoggerAndMessage2DBAdvisor - ## chunk: null
2026-03-08 00:02:55.799 [boundedElastic-3] INFO  com.flora.ai.ecommerce.advisor.CustomStreamLoggerAndMessage2DBAdvisor - ## chunk: null
2026-03-08 00:02:55.802 [boundedElastic-3] INFO  com.flora.ai.ecommerce.advisor.CustomStreamLoggerAndMessage2DBAdvisor - ## chunk: null
2026-03-08 00:02:55.947 [boundedElastic-3] INFO  com.flora.ai.ecommerce.advisor.CustomStreamLoggerAndMessage2DBAdvisor - ## chunk: null
2026-03-08 00:02:55.952 [boundedElastic-3] INFO  com.flora.ai.ecommerce.advisor.CustomStreamLoggerAndMessage2DBAdvisor - ## chunk: null
2026-03-08 00:02:56.061 [boundedElastic-3] INFO  com.flora.ai.ecommerce.advisor.CustomStreamLoggerAndMessage2DBAdvisor - ## chunk: null
2026-03-08 00:02:56.063 [boundedElastic-3] INFO  com.flora.ai.ecommerce.advisor.CustomStreamLoggerAndMessage2DBAdvisor - ## chunk: null
2026-03-08 00:02:56.176 [boundedElastic-3] INFO  com.flora.ai.ecommerce.advisor.CustomStreamLoggerAndMessage2DBAdvisor - ## chunk: null
2026-03-08 00:02:56.176 [boundedElastic-3] INFO  com.flora.ai.ecommerce.advisor.CustomStreamLoggerAndMessage2DBAdvisor - ## chunk: null
2026-03-08 00:02:56.333 [boundedElastic-3] INFO  com.flora.ai.ecommerce.advisor.CustomStreamLoggerAndMessage2DBAdvisor - ## chunk: null
2026-03-08 00:02:56.335 [boundedElastic-3] INFO  com.flora.ai.ecommerce.advisor.CustomStreamLoggerAndMessage2DBAdvisor - ## chunk: null
2026-03-08 00:02:56.519 [boundedElastic-3] INFO  com.flora.ai.ecommerce.advisor.CustomStreamLoggerAndMessage2DBAdvisor - ## chunk: null
2026-03-08 00:02:56.527 [boundedElastic-3] INFO  com.flora.ai.ecommerce.advisor.CustomStreamLoggerAndMessage2DBAdvisor - ## chunk: null
2026-03-08 00:02:56.545 [boundedElastic-3] INFO  com.flora.ai.ecommerce.advisor.CustomStreamLoggerAndMessage2DBAdvisor - ## chunk: null
2026-03-08 00:02:56.548 [boundedElastic-3] INFO  com.flora.ai.ecommerce.advisor.CustomStreamLoggerAndMessage2DBAdvisor - ## chunk: null
2026-03-08 00:02:56.819 [boundedElastic-3] INFO  com.flora.ai.ecommerce.advisor.CustomStreamLoggerAndMessage2DBAdvisor - ## chunk: null
2026-03-08 00:02:56.825 [boundedElastic-3] INFO  com.flora.ai.ecommerce.advisor.CustomStreamLoggerAndMessage2DBAdvisor - ## chunk: null
2026-03-08 00:02:56.985 [boundedElastic-3] INFO  com.flora.ai.ecommerce.advisor.CustomStreamLoggerAndMessage2DBAdvisor - ## chunk: null
2026-03-08 00:02:56.993 [boundedElastic-3] INFO  com.flora.ai.ecommerce.advisor.CustomStreamLoggerAndMessage2DBAdvisor - ## chunk: null
2026-03-08 00:02:57.032 [boundedElastic-3] INFO  com.flora.ai.ecommerce.advisor.CustomStreamLoggerAndMessage2DBAdvisor - ## chunk: null
2026-03-08 00:02:57.033 [boundedElastic-3] INFO  com.flora.ai.ecommerce.advisor.CustomStreamLoggerAndMessage2DBAdvisor - ## chunk: null
2026-03-08 00:02:57.131 [boundedElastic-3] INFO  com.flora.ai.ecommerce.advisor.CustomStreamLoggerAndMessage2DBAdvisor - ## chunk: null
2026-03-08 00:02:57.135 [boundedElastic-3] INFO  com.flora.ai.ecommerce.advisor.CustomStreamLoggerAndMessage2DBAdvisor - ## chunk: null
2026-03-08 00:02:57.244 [boundedElastic-3] INFO  com.flora.ai.ecommerce.advisor.CustomStreamLoggerAndMessage2DBAdvisor - ## chunk: null
2026-03-08 00:02:57.247 [boundedElastic-3] INFO  com.flora.ai.ecommerce.advisor.CustomStreamLoggerAndMessage2DBAdvisor - ## chunk: null
2026-03-08 00:02:57.348 [boundedElastic-3] INFO  com.flora.ai.ecommerce.advisor.CustomStreamLoggerAndMessage2DBAdvisor - ## chunk: null
2026-03-08 00:02:57.350 [boundedElastic-3] INFO  com.flora.ai.ecommerce.advisor.CustomStreamLoggerAndMessage2DBAdvisor - ## chunk: null
2026-03-08 00:02:57.459 [boundedElastic-3] INFO  com.flora.ai.ecommerce.advisor.CustomStreamLoggerAndMessage2DBAdvisor - ## chunk: null
2026-03-08 00:02:57.459 [boundedElastic-3] INFO  com.flora.ai.ecommerce.advisor.CustomStreamLoggerAndMessage2DBAdvisor - ## chunk: null
2026-03-08 00:02:57.615 [boundedElastic-3] INFO  com.flora.ai.ecommerce.advisor.CustomStreamLoggerAndMessage2DBAdvisor - ## chunk: null
2026-03-08 00:02:57.625 [boundedElastic-3] INFO  com.flora.ai.ecommerce.advisor.CustomStreamLoggerAndMessage2DBAdvisor - ## chunk: null
2026-03-08 00:02:57.717 [boundedElastic-3] INFO  com.flora.ai.ecommerce.advisor.CustomStreamLoggerAndMessage2DBAdvisor - ## chunk: null
2026-03-08 00:02:57.720 [boundedElastic-3] INFO  com.flora.ai.ecommerce.advisor.CustomStreamLoggerAndMessage2DBAdvisor - ## chunk: null
2026-03-08 00:02:57.817 [boundedElastic-3] INFO  com.flora.ai.ecommerce.advisor.CustomStreamLoggerAndMessage2DBAdvisor - ## chunk: null
2026-03-08 00:02:57.820 [boundedElastic-3] INFO  com.flora.ai.ecommerce.advisor.CustomStreamLoggerAndMessage2DBAdvisor - ## chunk: null
2026-03-08 00:02:57.917 [boundedElastic-3] INFO  com.flora.ai.ecommerce.advisor.CustomStreamLoggerAndMessage2DBAdvisor - ## chunk: null
2026-03-08 00:02:57.921 [boundedElastic-3] INFO  com.flora.ai.ecommerce.advisor.CustomStreamLoggerAndMessage2DBAdvisor - ## chunk: null
2026-03-08 00:02:58.070 [boundedElastic-3] INFO  com.flora.ai.ecommerce.advisor.CustomStreamLoggerAndMessage2DBAdvisor - ## chunk: null
2026-03-08 00:02:58.073 [boundedElastic-3] INFO  com.flora.ai.ecommerce.advisor.CustomStreamLoggerAndMessage2DBAdvisor - ## chunk: null
2026-03-08 00:02:58.174 [boundedElastic-3] INFO  com.flora.ai.ecommerce.advisor.CustomStreamLoggerAndMessage2DBAdvisor - ## chunk: null
2026-03-08 00:02:58.176 [boundedElastic-3] INFO  com.flora.ai.ecommerce.advisor.CustomStreamLoggerAndMessage2DBAdvisor - ## chunk: null
2026-03-08 00:02:58.274 [boundedElastic-3] INFO  com.flora.ai.ecommerce.advisor.CustomStreamLoggerAndMessage2DBAdvisor - ## chunk: null
2026-03-08 00:02:58.276 [boundedElastic-3] INFO  com.flora.ai.ecommerce.advisor.CustomStreamLoggerAndMessage2DBAdvisor - ## chunk: null
2026-03-08 00:02:58.425 [boundedElastic-3] INFO  com.flora.ai.ecommerce.advisor.CustomStreamLoggerAndMessage2DBAdvisor - ## chunk: null
2026-03-08 00:02:58.428 [boundedElastic-3] INFO  com.flora.ai.ecommerce.advisor.CustomStreamLoggerAndMessage2DBAdvisor - ## chunk: null
2026-03-08 00:02:58.524 [boundedElastic-3] INFO  com.flora.ai.ecommerce.advisor.CustomStreamLoggerAndMessage2DBAdvisor - ## chunk: null
2026-03-08 00:02:58.530 [boundedElastic-3] INFO  com.flora.ai.ecommerce.advisor.CustomStreamLoggerAndMessage2DBAdvisor - ## chunk: null
2026-03-08 00:02:58.677 [boundedElastic-3] INFO  com.flora.ai.ecommerce.advisor.CustomStreamLoggerAndMessage2DBAdvisor - ## chunk: null
2026-03-08 00:02:58.680 [boundedElastic-3] INFO  com.flora.ai.ecommerce.advisor.CustomStreamLoggerAndMessage2DBAdvisor - ## chunk: null
2026-03-08 00:02:58.803 [boundedElastic-3] INFO  com.flora.ai.ecommerce.advisor.CustomStreamLoggerAndMessage2DBAdvisor - ## chunk: null
2026-03-08 00:02:58.806 [boundedElastic-3] INFO  com.flora.ai.ecommerce.advisor.CustomStreamLoggerAndMessage2DBAdvisor - ## chunk: 对于出油多的
2026-03-08 00:02:58.808 [http-nio-8080-exec-8] ERROR com.flora.ai.ecommerce.exception.GlobalExceptionHandler - /chat/completion request fail, 
org.springframework.web.context.request.async.AsyncRequestNotUsableException: ServletOutputStream failed to flush: java.io.IOException: 你的主机中的软件中止了一个已建立的连接。
	at org.springframework.web.context.request.async.StandardServletAsyncWebRequest$LifecycleHttpServletResponse.handleIOException(StandardServletAsyncWebRequest.java:346) ~[spring-web-6.2.6.jar:6.2.6]
	at org.springframework.web.context.request.async.StandardServletAsyncWebRequest$LifecycleServletOutputStream.flush(StandardServletAsyncWebRequest.java:418) ~[spring-web-6.2.6.jar:6.2.6]
	at java.base/java.io.FilterOutputStream.flush(FilterOutputStream.java:155) ~[?:?]
	at com.fasterxml.jackson.core.json.UTF8JsonGenerator.flush(UTF8JsonGenerator.java:1205) ~[jackson-core-2.18.3.jar:2.18.3]
	at com.fasterxml.jackson.databind.ObjectWriter.writeValue(ObjectWriter.java:1063) ~[jackson-databind-2.18.3.jar:2.18.3]
	at org.springframework.http.converter.json.AbstractJackson2HttpMessageConverter.writeInternal(AbstractJackson2HttpMessageConverter.java:486) ~[spring-web-6.2.6.jar:6.2.6]
	at org.springframework.http.converter.AbstractGenericHttpMessageConverter.writeInternal(AbstractGenericHttpMessageConverter.java:135) ~[spring-web-6.2.6.jar:6.2.6]
	at org.springframework.http.converter.AbstractHttpMessageConverter.write(AbstractHttpMessageConverter.java:235) ~[spring-web-6.2.6.jar:6.2.6]
	at org.springframework.web.servlet.mvc.method.annotation.ResponseBodyEmitterReturnValueHandler$DefaultSseEmitterHandler.sendInternal(ResponseBodyEmitterReturnValueHandler.java:310) ~[spring-webmvc-6.2.6.jar:6.2.6]
	at org.springframework.web.servlet.mvc.method.annotation.ResponseBodyEmitterReturnValueHandler$DefaultSseEmitterHandler.send(ResponseBodyEmitterReturnValueHandler.java:297) ~[spring-webmvc-6.2.6.jar:6.2.6]
	at org.springframework.web.servlet.mvc.method.annotation.ResponseBodyEmitter.sendInternal(ResponseBodyEmitter.java:226) ~[spring-webmvc-6.2.6.jar:6.2.6]
	at org.springframework.web.servlet.mvc.method.annotation.ResponseBodyEmitter.send(ResponseBodyEmitter.java:217) ~[spring-webmvc-6.2.6.jar:6.2.6]
	at org.springframework.web.servlet.mvc.method.annotation.SseEmitter.send(SseEmitter.java:135) ~[spring-webmvc-6.2.6.jar:6.2.6]
	at org.springframework.web.servlet.mvc.method.annotation.SseEmitter.send(SseEmitter.java:118) ~[spring-webmvc-6.2.6.jar:6.2.6]
	at org.springframework.web.servlet.mvc.method.annotation.ReactiveTypeHandler$SseEmitterSubscriber.send(ReactiveTypeHandler.java:440) ~[spring-webmvc-6.2.6.jar:6.2.6]
	at org.springframework.web.servlet.mvc.method.annotation.ReactiveTypeHandler$AbstractEmitterSubscriber.run(ReactiveTypeHandler.java:359) ~[spring-webmvc-6.2.6.jar:6.2.6]
	at io.micrometer.context.ContextSnapshot.lambda$wrap$0(ContextSnapshot.java:91) ~[context-propagation-1.1.3.jar:1.1.3]
	at java.base/java.lang.Thread.run(Thread.java:1583) [?:?]
Caused by: org.apache.catalina.connector.ClientAbortException: java.io.IOException: 你的主机中的软件中止了一个已建立的连接。
	at org.apache.catalina.connector.OutputBuffer.doFlush(OutputBuffer.java:304) ~[tomcat-embed-core-10.1.40.jar:10.1.40]
	at org.apache.catalina.connector.OutputBuffer.flush(OutputBuffer.java:266) ~[tomcat-embed-core-10.1.40.jar:10.1.40]
	at org.apache.catalina.connector.CoyoteOutputStream.flush(CoyoteOutputStream.java:133) ~[tomcat-embed-core-10.1.40.jar:10.1.40]
	at org.springframework.web.context.request.async.StandardServletAsyncWebRequest$LifecycleServletOutputStream.flush(StandardServletAsyncWebRequest.java:415) ~[spring-web-6.2.6.jar:6.2.6]
	... 16 more
Caused by: java.io.IOException: 你的主机中的软件中止了一个已建立的连接。
	at java.base/sun.nio.ch.SocketDispatcher.write0(Native Method) ~[?:?]
	at java.base/sun.nio.ch.SocketDispatcher.write(SocketDispatcher.java:54) ~[?:?]
	at java.base/sun.nio.ch.IOUtil.writeFromNativeBuffer(IOUtil.java:137) ~[?:?]
	at java.base/sun.nio.ch.IOUtil.write(IOUtil.java:102) ~[?:?]
	at java.base/sun.nio.ch.IOUtil.write(IOUtil.java:58) ~[?:?]
	at java.base/sun.nio.ch.SocketChannelImpl.write(SocketChannelImpl.java:542) ~[?:?]
	at org.apache.tomcat.util.net.NioChannel.write(NioChannel.java:122) ~[tomcat-embed-core-10.1.40.jar:10.1.40]
	at org.apache.tomcat.util.net.NioEndpoint$NioSocketWrapper.doWrite(NioEndpoint.java:1380) ~[tomcat-embed-core-10.1.40.jar:10.1.40]
	at org.apache.tomcat.util.net.SocketWrapperBase.doWrite(SocketWrapperBase.java:764) ~[tomcat-embed-core-10.1.40.jar:10.1.40]
	at org.apache.tomcat.util.net.SocketWrapperBase.flushBlocking(SocketWrapperBase.java:728) ~[tomcat-embed-core-10.1.40.jar:10.1.40]
	at org.apache.tomcat.util.net.SocketWrapperBase.flush(SocketWrapperBase.java:712) ~[tomcat-embed-core-10.1.40.jar:10.1.40]
	at org.apache.coyote.http11.Http11OutputBuffer$SocketOutputBuffer.flush(Http11OutputBuffer.java:574) ~[tomcat-embed-core-10.1.40.jar:10.1.40]
	at org.apache.coyote.http11.filters.ChunkedOutputFilter.flush(ChunkedOutputFilter.java:156) ~[tomcat-embed-core-10.1.40.jar:10.1.40]
	at org.apache.coyote.http11.Http11OutputBuffer.flush(Http11OutputBuffer.java:216) ~[tomcat-embed-core-10.1.40.jar:10.1.40]
	at org.apache.coyote.http11.Http11Processor.flush(Http11Processor.java:1271) ~[tomcat-embed-core-10.1.40.jar:10.1.40]
	at org.apache.coyote.AbstractProcessor.action(AbstractProcessor.java:408) ~[tomcat-embed-core-10.1.40.jar:10.1.40]
	at org.apache.coyote.Response.action(Response.java:208) ~[tomcat-embed-core-10.1.40.jar:10.1.40]
	at org.apache.catalina.connector.OutputBuffer.doFlush(OutputBuffer.java:300) ~[tomcat-embed-core-10.1.40.jar:10.1.40]
	at org.apache.catalina.connector.OutputBuffer.flush(OutputBuffer.java:266) ~[tomcat-embed-core-10.1.40.jar:10.1.40]
	at org.apache.catalina.connector.CoyoteOutputStream.flush(CoyoteOutputStream.java:133) ~[tomcat-embed-core-10.1.40.jar:10.1.40]
	at org.springframework.web.context.request.async.StandardServletAsyncWebRequest$LifecycleServletOutputStream.flush(StandardServletAsyncWebRequest.java:415) ~[spring-web-6.2.6.jar:6.2.6]
	... 16 more
2026-03-08 00:02:58.810 [http-nio-8080-exec-8] WARN  org.springframework.web.servlet.mvc.method.annotation.ExceptionHandlerExceptionResolver - Failure in @ExceptionHandler com.flora.ai.ecommerce.exception.GlobalExceptionHandler#handleOtherException(HttpServletRequest, Exception)
org.springframework.http.converter.HttpMessageNotWritableException: No converter for [class com.flora.ai.ecommerce.utils.Response] with preset Content-Type 'text/event-stream'
	at org.springframework.web.servlet.mvc.method.annotation.AbstractMessageConverterMethodProcessor.writeWithMessageConverters(AbstractMessageConverterMethodProcessor.java:365) ~[spring-webmvc-6.2.6.jar:6.2.6]
	at org.springframework.web.servlet.mvc.method.annotation.RequestResponseBodyMethodProcessor.handleReturnValue(RequestResponseBodyMethodProcessor.java:208) ~[spring-webmvc-6.2.6.jar:6.2.6]
	at org.springframework.web.method.support.HandlerMethodReturnValueHandlerComposite.handleReturnValue(HandlerMethodReturnValueHandlerComposite.java:78) ~[spring-web-6.2.6.jar:6.2.6]
	at org.springframework.web.servlet.mvc.method.annotation.ServletInvocableHandlerMethod.invokeAndHandle(ServletInvocableHandlerMethod.java:136) ~[spring-webmvc-6.2.6.jar:6.2.6]
	at org.springframework.web.servlet.mvc.method.annotation.ExceptionHandlerExceptionResolver.doResolveHandlerMethodException(ExceptionHandlerExceptionResolver.java:471) ~[spring-webmvc-6.2.6.jar:6.2.6]
	at org.springframework.web.servlet.handler.AbstractHandlerMethodExceptionResolver.doResolveException(AbstractHandlerMethodExceptionResolver.java:73) ~[spring-webmvc-6.2.6.jar:6.2.6]
	at org.springframework.web.servlet.handler.AbstractHandlerExceptionResolver.resolveException(AbstractHandlerExceptionResolver.java:182) ~[spring-webmvc-6.2.6.jar:6.2.6]
	at org.springframework.web.servlet.handler.HandlerExceptionResolverComposite.resolveException(HandlerExceptionResolverComposite.java:80) ~[spring-webmvc-6.2.6.jar:6.2.6]
	at org.springframework.web.servlet.DispatcherServlet.processHandlerException(DispatcherServlet.java:1359) ~[spring-webmvc-6.2.6.jar:6.2.6]
	at org.springframework.web.servlet.DispatcherServlet.processDispatchResult(DispatcherServlet.java:1161) ~[spring-webmvc-6.2.6.jar:6.2.6]
	at org.springframework.web.servlet.DispatcherServlet.doDispatch(DispatcherServlet.java:1106) ~[spring-webmvc-6.2.6.jar:6.2.6]
	at org.springframework.web.servlet.DispatcherServlet.doService(DispatcherServlet.java:979) ~[spring-webmvc-6.2.6.jar:6.2.6]
	at org.springframework.web.servlet.FrameworkServlet.processRequest(FrameworkServlet.java:1014) ~[spring-webmvc-6.2.6.jar:6.2.6]
	at org.springframework.web.servlet.FrameworkServlet.doPost(FrameworkServlet.java:914) ~[spring-webmvc-6.2.6.jar:6.2.6]
	at jakarta.servlet.http.HttpServlet.service(HttpServlet.java:590) ~[tomcat-embed-core-10.1.40.jar:6.0]
	at org.springframework.web.servlet.FrameworkServlet.service(FrameworkServlet.java:885) ~[spring-webmvc-6.2.6.jar:6.2.6]
	at jakarta.servlet.http.HttpServlet.service(HttpServlet.java:658) ~[tomcat-embed-core-10.1.40.jar:6.0]
	at org.apache.catalina.core.ApplicationFilterChain.internalDoFilter(ApplicationFilterChain.java:195) ~[tomcat-embed-core-10.1.40.jar:10.1.40]
	at org.apache.catalina.core.ApplicationFilterChain.doFilter(ApplicationFilterChain.java:140) ~[tomcat-embed-core-10.1.40.jar:10.1.40]
	at org.springframework.web.filter.RequestContextFilter.doFilterInternal(RequestContextFilter.java:100) ~[spring-web-6.2.6.jar:6.2.6]
	at org.springframework.web.filter.OncePerRequestFilter.doFilter(OncePerRequestFilter.java:116) ~[spring-web-6.2.6.jar:6.2.6]
	at org.apache.catalina.core.ApplicationFilterChain.internalDoFilter(ApplicationFilterChain.java:164) ~[tomcat-embed-core-10.1.40.jar:10.1.40]
	at org.apache.catalina.core.ApplicationFilterChain.doFilter(ApplicationFilterChain.java:140) ~[tomcat-embed-core-10.1.40.jar:10.1.40]
	at org.springframework.web.filter.OncePerRequestFilter.doFilter(OncePerRequestFilter.java:101) ~[spring-web-6.2.6.jar:6.2.6]
	at org.apache.catalina.core.ApplicationFilterChain.internalDoFilter(ApplicationFilterChain.java:164) ~[tomcat-embed-core-10.1.40.jar:10.1.40]
	at org.apache.catalina.core.ApplicationFilterChain.doFilter(ApplicationFilterChain.java:140) ~[tomcat-embed-core-10.1.40.jar:10.1.40]
	at org.springframework.web.filter.OncePerRequestFilter.doFilter(OncePerRequestFilter.java:101) ~[spring-web-6.2.6.jar:6.2.6]
	at org.apache.catalina.core.ApplicationFilterChain.internalDoFilter(ApplicationFilterChain.java:164) ~[tomcat-embed-core-10.1.40.jar:10.1.40]
	at org.apache.catalina.core.ApplicationFilterChain.doFilter(ApplicationFilterChain.java:140) ~[tomcat-embed-core-10.1.40.jar:10.1.40]
	at org.apache.catalina.core.ApplicationDispatcher.invoke(ApplicationDispatcher.java:612) ~[tomcat-embed-core-10.1.40.jar:10.1.40]
	at org.apache.catalina.core.ApplicationDispatcher.doDispatch(ApplicationDispatcher.java:540) ~[tomcat-embed-core-10.1.40.jar:10.1.40]
	at org.apache.catalina.core.ApplicationDispatcher.dispatch(ApplicationDispatcher.java:511) ~[tomcat-embed-core-10.1.40.jar:10.1.40]
	at org.apache.catalina.core.AsyncContextImpl$AsyncRunnable.run(AsyncContextImpl.java:599) ~[tomcat-embed-core-10.1.40.jar:10.1.40]
	at org.apache.catalina.core.AsyncContextImpl.doInternalDispatch(AsyncContextImpl.java:342) ~[tomcat-embed-core-10.1.40.jar:10.1.40]
	at org.apache.catalina.core.StandardWrapperValve.invoke(StandardWrapperValve.java:165) ~[tomcat-embed-core-10.1.40.jar:10.1.40]
	at org.apache.catalina.core.StandardContextValve.invoke(StandardContextValve.java:90) ~[tomcat-embed-core-10.1.40.jar:10.1.40]
	at org.apache.catalina.authenticator.AuthenticatorBase.invoke(AuthenticatorBase.java:483) ~[tomcat-embed-core-10.1.40.jar:10.1.40]
	at org.apache.catalina.core.StandardHostValve.invoke(StandardHostValve.java:116) ~[tomcat-embed-core-10.1.40.jar:10.1.40]
	at org.apache.catalina.valves.ErrorReportValve.invoke(ErrorReportValve.java:93) ~[tomcat-embed-core-10.1.40.jar:10.1.40]
	at org.apache.catalina.core.StandardEngineValve.invoke(StandardEngineValve.java:74) ~[tomcat-embed-core-10.1.40.jar:10.1.40]
	at org.apache.catalina.connector.CoyoteAdapter.asyncDispatch(CoyoteAdapter.java:239) ~[tomcat-embed-core-10.1.40.jar:10.1.40]
	at org.apache.coyote.AbstractProcessor.dispatch(AbstractProcessor.java:243) ~[tomcat-embed-core-10.1.40.jar:10.1.40]
	at org.apache.coyote.AbstractProcessorLight.process(AbstractProcessorLight.java:57) ~[tomcat-embed-core-10.1.40.jar:10.1.40]
	at org.apache.coyote.AbstractProtocol$ConnectionHandler.process(AbstractProtocol.java:903) ~[tomcat-embed-core-10.1.40.jar:10.1.40]
	at org.apache.tomcat.util.net.NioEndpoint$SocketProcessor.doRun(NioEndpoint.java:1740) ~[tomcat-embed-core-10.1.40.jar:10.1.40]
	at org.apache.tomcat.util.net.SocketProcessorBase.run(SocketProcessorBase.java:52) ~[tomcat-embed-core-10.1.40.jar:10.1.40]
	at org.apache.tomcat.util.threads.ThreadPoolExecutor.runWorker(ThreadPoolExecutor.java:1189) ~[tomcat-embed-core-10.1.40.jar:10.1.40]
	at org.apache.tomcat.util.threads.ThreadPoolExecutor$Worker.run(ThreadPoolExecutor.java:658) ~[tomcat-embed-core-10.1.40.jar:10.1.40]
	at org.apache.tomcat.util.threads.TaskThread$WrappingRunnable.run(TaskThread.java:63) ~[tomcat-embed-core-10.1.40.jar:10.1.40]
	at java.base/java.lang.Thread.run(Thread.java:1583) [?:?]
2026-03-08 00:03:18.297 [http-nio-8080-exec-9] INFO  com.flora.ai.ecommerce.aspect.ApiOperationLogAspect - ====== 请求开始: [流式对话], 入参: {"message":"哪种洗面奶适合出油多的肤质？","chatId":"47432b63-43e4-4a8a-a933-821fa4418757","networkSearch":false,"modelName":"qwen3.5-plus","temperature":0.7}, 请求类: ChatController, 请求方法: chat =================================== 
2026-03-08 00:03:18.303 [http-nio-8080-exec-9] INFO  com.flora.ai.ecommerce.aspect.ApiOperationLogAspect - ====== 请求结束: [流式对话], 耗时: 6ms, 出参: {"scanAvailable":true,"prefetch":-1} =================================== 
2026-03-08 00:03:18.304 [http-nio-8080-exec-9] INFO  com.flora.ai.ecommerce.advisor.CustomChatMemoryAdvisor - ## 自定义聊天记忆 Advisor
2026-03-08 00:03:19.637 [boundedElastic-3] INFO  com.flora.ai.ecommerce.advisor.CustomStreamLoggerAndMessage2DBAdvisor - ## chunk: null
2026-03-08 00:03:19.683 [boundedElastic-3] INFO  com.flora.ai.ecommerce.advisor.CustomStreamLoggerAndMessage2DBAdvisor - ## chunk: null
2026-03-08 00:03:19.782 [boundedElastic-3] INFO  com.flora.ai.ecommerce.advisor.CustomStreamLoggerAndMessage2DBAdvisor - ## chunk: null
2026-03-08 00:03:19.787 [boundedElastic-3] INFO  com.flora.ai.ecommerce.advisor.CustomStreamLoggerAndMessage2DBAdvisor - ## chunk: null
2026-03-08 00:03:19.915 [boundedElastic-3] INFO  com.flora.ai.ecommerce.advisor.CustomStreamLoggerAndMessage2DBAdvisor - ## chunk: null
2026-03-08 00:03:19.917 [boundedElastic-3] INFO  com.flora.ai.ecommerce.advisor.CustomStreamLoggerAndMessage2DBAdvisor - ## chunk: null
2026-03-08 00:03:20.007 [boundedElastic-3] INFO  com.flora.ai.ecommerce.advisor.CustomStreamLoggerAndMessage2DBAdvisor - ## chunk: null
2026-03-08 00:03:20.010 [boundedElastic-3] INFO  com.flora.ai.ecommerce.advisor.CustomStreamLoggerAndMessage2DBAdvisor - ## chunk: null
2026-03-08 00:03:20.103 [boundedElastic-3] INFO  com.flora.ai.ecommerce.advisor.CustomStreamLoggerAndMessage2DBAdvisor - ## chunk: null
2026-03-08 00:03:20.103 [boundedElastic-3] INFO  com.flora.ai.ecommerce.advisor.CustomStreamLoggerAndMessage2DBAdvisor - ## chunk: null
2026-03-08 00:03:20.190 [boundedElastic-3] INFO  com.flora.ai.ecommerce.advisor.CustomStreamLoggerAndMessage2DBAdvisor - ## chunk: null
2026-03-08 00:03:20.193 [boundedElastic-3] INFO  com.flora.ai.ecommerce.advisor.CustomStreamLoggerAndMessage2DBAdvisor - ## chunk: null
2026-03-08 00:03:20.284 [boundedElastic-3] INFO  com.flora.ai.ecommerce.advisor.CustomStreamLoggerAndMessage2DBAdvisor - ## chunk: null
2026-03-08 00:03:20.285 [boundedElastic-3] INFO  com.flora.ai.ecommerce.advisor.CustomStreamLoggerAndMessage2DBAdvisor - ## chunk: null
2026-03-08 00:03:20.377 [boundedElastic-3] INFO  com.flora.ai.ecommerce.advisor.CustomStreamLoggerAndMessage2DBAdvisor - ## chunk: null
2026-03-08 00:03:20.378 [boundedElastic-3] INFO  com.flora.ai.ecommerce.advisor.CustomStreamLoggerAndMessage2DBAdvisor - ## chunk: null
2026-03-08 00:03:20.495 [boundedElastic-3] INFO  com.flora.ai.ecommerce.advisor.CustomStreamLoggerAndMessage2DBAdvisor - ## chunk: null
2026-03-08 00:03:20.499 [boundedElastic-3] INFO  com.flora.ai.ecommerce.advisor.CustomStreamLoggerAndMessage2DBAdvisor - ## chunk: null
2026-03-08 00:03:20.565 [boundedElastic-3] INFO  com.flora.ai.ecommerce.advisor.CustomStreamLoggerAndMessage2DBAdvisor - ## chunk: null
2026-03-08 00:03:20.568 [boundedElastic-3] INFO  com.flora.ai.ecommerce.advisor.CustomStreamLoggerAndMessage2DBAdvisor - ## chunk: null
2026-03-08 00:03:20.658 [boundedElastic-3] INFO  com.flora.ai.ecommerce.advisor.CustomStreamLoggerAndMessage2DBAdvisor - ## chunk: null
2026-03-08 00:03:20.660 [boundedElastic-3] INFO  com.flora.ai.ecommerce.advisor.CustomStreamLoggerAndMessage2DBAdvisor - ## chunk: null
2026-03-08 00:03:20.840 [boundedElastic-3] INFO  com.flora.ai.ecommerce.advisor.CustomStreamLoggerAndMessage2DBAdvisor - ## chunk: null
2026-03-08 00:03:20.844 [boundedElastic-3] INFO  com.flora.ai.ecommerce.advisor.CustomStreamLoggerAndMessage2DBAdvisor - ## chunk: null
2026-03-08 00:03:20.931 [boundedElastic-3] INFO  com.flora.ai.ecommerce.advisor.CustomStreamLoggerAndMessage2DBAdvisor - ## chunk: null
2026-03-08 00:03:20.935 [boundedElastic-3] INFO  com.flora.ai.ecommerce.advisor.CustomStreamLoggerAndMessage2DBAdvisor - ## chunk: null
2026-03-08 00:03:21.071 [boundedElastic-3] INFO  com.flora.ai.ecommerce.advisor.CustomStreamLoggerAndMessage2DBAdvisor - ## chunk: null
2026-03-08 00:03:21.076 [boundedElastic-3] INFO  com.flora.ai.ecommerce.advisor.CustomStreamLoggerAndMessage2DBAdvisor - ## chunk: null
2026-03-08 00:03:21.170 [boundedElastic-3] INFO  com.flora.ai.ecommerce.advisor.CustomStreamLoggerAndMessage2DBAdvisor - ## chunk: null
2026-03-08 00:03:21.172 [boundedElastic-3] INFO  com.flora.ai.ecommerce.advisor.CustomStreamLoggerAndMessage2DBAdvisor - ## chunk: null
2026-03-08 00:03:21.314 [boundedElastic-3] INFO  com.flora.ai.ecommerce.advisor.CustomStreamLoggerAndMessage2DBAdvisor - ## chunk: null
2026-03-08 00:03:21.318 [boundedElastic-3] INFO  com.flora.ai.ecommerce.advisor.CustomStreamLoggerAndMessage2DBAdvisor - ## chunk: null
2026-03-08 00:03:21.412 [boundedElastic-3] INFO  com.flora.ai.ecommerce.advisor.CustomStreamLoggerAndMessage2DBAdvisor - ## chunk: null
2026-03-08 00:03:21.424 [boundedElastic-3] INFO  com.flora.ai.ecommerce.advisor.CustomStreamLoggerAndMessage2DBAdvisor - ## chunk: null
2026-03-08 00:03:21.504 [boundedElastic-3] INFO  com.flora.ai.ecommerce.advisor.CustomStreamLoggerAndMessage2DBAdvisor - ## chunk: null
2026-03-08 00:03:21.506 [boundedElastic-3] INFO  com.flora.ai.ecommerce.advisor.CustomStreamLoggerAndMessage2DBAdvisor - ## chunk: null
2026-03-08 00:03:21.600 [boundedElastic-3] INFO  com.flora.ai.ecommerce.advisor.CustomStreamLoggerAndMessage2DBAdvisor - ## chunk: null
2026-03-08 00:03:21.603 [boundedElastic-3] INFO  com.flora.ai.ecommerce.advisor.CustomStreamLoggerAndMessage2DBAdvisor - ## chunk: null
2026-03-08 00:03:21.698 [boundedElastic-3] INFO  com.flora.ai.ecommerce.advisor.CustomStreamLoggerAndMessage2DBAdvisor - ## chunk: null
2026-03-08 00:03:21.700 [boundedElastic-3] INFO  com.flora.ai.ecommerce.advisor.CustomStreamLoggerAndMessage2DBAdvisor - ## chunk: null
2026-03-08 00:03:21.788 [boundedElastic-3] INFO  com.flora.ai.ecommerce.advisor.CustomStreamLoggerAndMessage2DBAdvisor - ## chunk: null
2026-03-08 00:03:21.794 [boundedElastic-3] INFO  com.flora.ai.ecommerce.advisor.CustomStreamLoggerAndMessage2DBAdvisor - ## chunk: null
2026-03-08 00:03:21.862 [SpringApplicationShutdownHook] INFO  org.springframework.boot.web.embedded.tomcat.GracefulShutdown - Commencing graceful shutdown. Waiting for active requests to complete
2026-03-08 00:03:21.928 [boundedElastic-3] INFO  com.flora.ai.ecommerce.advisor.CustomStreamLoggerAndMessage2DBAdvisor - ## chunk: null
2026-03-08 00:03:21.931 [boundedElastic-3] INFO  com.flora.ai.ecommerce.advisor.CustomStreamLoggerAndMessage2DBAdvisor - ## chunk: null
2026-03-08 00:03:22.021 [boundedElastic-3] INFO  com.flora.ai.ecommerce.advisor.CustomStreamLoggerAndMessage2DBAdvisor - ## chunk: null
2026-03-08 00:03:22.024 [boundedElastic-3] INFO  com.flora.ai.ecommerce.advisor.CustomStreamLoggerAndMessage2DBAdvisor - ## chunk: null
2026-03-08 00:03:22.107 [boundedElastic-3] INFO  com.flora.ai.ecommerce.advisor.CustomStreamLoggerAndMessage2DBAdvisor - ## chunk: null
2026-03-08 00:03:22.112 [boundedElastic-3] INFO  com.flora.ai.ecommerce.advisor.CustomStreamLoggerAndMessage2DBAdvisor - ## chunk: null
2026-03-08 00:03:22.207 [boundedElastic-3] INFO  com.flora.ai.ecommerce.advisor.CustomStreamLoggerAndMessage2DBAdvisor - ## chunk: null
2026-03-08 00:03:22.210 [boundedElastic-3] INFO  com.flora.ai.ecommerce.advisor.CustomStreamLoggerAndMessage2DBAdvisor - ## chunk: null
2026-03-08 00:03:22.375 [boundedElastic-3] INFO  com.flora.ai.ecommerce.advisor.CustomStreamLoggerAndMessage2DBAdvisor - ## chunk: null
2026-03-08 00:03:22.377 [boundedElastic-3] INFO  com.flora.ai.ecommerce.advisor.CustomStreamLoggerAndMessage2DBAdvisor - ## chunk: null
2026-03-08 00:03:22.521 [boundedElastic-3] INFO  com.flora.ai.ecommerce.advisor.CustomStreamLoggerAndMessage2DBAdvisor - ## chunk: null
2026-03-08 00:03:22.524 [boundedElastic-3] INFO  com.flora.ai.ecommerce.advisor.CustomStreamLoggerAndMessage2DBAdvisor - ## chunk: null
2026-03-08 00:03:22.614 [boundedElastic-3] INFO  com.flora.ai.ecommerce.advisor.CustomStreamLoggerAndMessage2DBAdvisor - ## chunk: null
2026-03-08 00:03:22.618 [boundedElastic-3] INFO  com.flora.ai.ecommerce.advisor.CustomStreamLoggerAndMessage2DBAdvisor - ## chunk: null
2026-03-08 00:03:22.766 [boundedElastic-3] INFO  com.flora.ai.ecommerce.advisor.CustomStreamLoggerAndMessage2DBAdvisor - ## chunk: null
2026-03-08 00:03:22.766 [boundedElastic-3] INFO  com.flora.ai.ecommerce.advisor.CustomStreamLoggerAndMessage2DBAdvisor - ## chunk: null
2026-03-08 00:03:22.889 [boundedElastic-3] INFO  com.flora.ai.ecommerce.advisor.CustomStreamLoggerAndMessage2DBAdvisor - ## chunk: null
2026-03-08 00:03:22.892 [boundedElastic-3] INFO  com.flora.ai.ecommerce.advisor.CustomStreamLoggerAndMessage2DBAdvisor - ## chunk: null
2026-03-08 00:03:22.986 [boundedElastic-3] INFO  com.flora.ai.ecommerce.advisor.CustomStreamLoggerAndMessage2DBAdvisor - ## chunk: null
2026-03-08 00:03:22.989 [boundedElastic-3] INFO  com.flora.ai.ecommerce.advisor.CustomStreamLoggerAndMessage2DBAdvisor - ## chunk: null
2026-03-08 00:03:23.076 [boundedElastic-3] INFO  com.flora.ai.ecommerce.advisor.CustomStreamLoggerAndMessage2DBAdvisor - ## chunk: null
2026-03-08 00:03:23.079 [boundedElastic-3] INFO  com.flora.ai.ecommerce.advisor.CustomStreamLoggerAndMessage2DBAdvisor - ## chunk: null
2026-03-08 00:03:23.178 [boundedElastic-3] INFO  com.flora.ai.ecommerce.advisor.CustomStreamLoggerAndMessage2DBAdvisor - ## chunk: null
2026-03-08 00:03:23.181 [boundedElastic-3] INFO  com.flora.ai.ecommerce.advisor.CustomStreamLoggerAndMessage2DBAdvisor - ## chunk: null
2026-03-08 00:03:23.350 [boundedElastic-3] INFO  com.flora.ai.ecommerce.advisor.CustomStreamLoggerAndMessage2DBAdvisor - ## chunk: null
2026-03-08 00:03:23.353 [boundedElastic-3] INFO  com.flora.ai.ecommerce.advisor.CustomStreamLoggerAndMessage2DBAdvisor - ## chunk: null
2026-03-08 00:03:23.442 [boundedElastic-3] INFO  com.flora.ai.ecommerce.advisor.CustomStreamLoggerAndMessage2DBAdvisor - ## chunk: null
2026-03-08 00:03:23.446 [boundedElastic-3] INFO  com.flora.ai.ecommerce.advisor.CustomStreamLoggerAndMessage2DBAdvisor - ## chunk: null
2026-03-08 00:03:23.623 [boundedElastic-3] INFO  com.flora.ai.ecommerce.advisor.CustomStreamLoggerAndMessage2DBAdvisor - ## chunk: null
2026-03-08 00:03:23.625 [boundedElastic-3] INFO  com.flora.ai.ecommerce.advisor.CustomStreamLoggerAndMessage2DBAdvisor - ## chunk: null
2026-03-08 00:03:23.714 [boundedElastic-3] INFO  com.flora.ai.ecommerce.advisor.CustomStreamLoggerAndMessage2DBAdvisor - ## chunk: null
2026-03-08 00:03:23.716 [boundedElastic-3] INFO  com.flora.ai.ecommerce.advisor.CustomStreamLoggerAndMessage2DBAdvisor - ## chunk: null
2026-03-08 00:03:23.847 [boundedElastic-3] INFO  com.flora.ai.ecommerce.advisor.CustomStreamLoggerAndMessage2DBAdvisor - ## chunk: null
2026-03-08 00:03:23.849 [boundedElastic-3] INFO  com.flora.ai.ecommerce.advisor.CustomStreamLoggerAndMessage2DBAdvisor - ## chunk: null
2026-03-08 00:03:23.945 [boundedElastic-3] INFO  com.flora.ai.ecommerce.advisor.CustomStreamLoggerAndMessage2DBAdvisor - ## chunk: null
2026-03-08 00:03:23.952 [boundedElastic-3] INFO  com.flora.ai.ecommerce.advisor.CustomStreamLoggerAndMessage2DBAdvisor - ## chunk: null
2026-03-08 00:03:24.032 [boundedElastic-3] INFO  com.flora.ai.ecommerce.advisor.CustomStreamLoggerAndMessage2DBAdvisor - ## chunk: null
2026-03-08 00:03:24.036 [boundedElastic-3] INFO  com.flora.ai.ecommerce.advisor.CustomStreamLoggerAndMessage2DBAdvisor - ## chunk: null
2026-03-08 00:03:24.119 [boundedElastic-3] INFO  com.flora.ai.ecommerce.advisor.CustomStreamLoggerAndMessage2DBAdvisor - ## chunk: null
2026-03-08 00:03:24.121 [boundedElastic-3] INFO  com.flora.ai.ecommerce.advisor.CustomStreamLoggerAndMessage2DBAdvisor - ## chunk: null
2026-03-08 00:03:24.208 [boundedElastic-3] INFO  com.flora.ai.ecommerce.advisor.CustomStreamLoggerAndMessage2DBAdvisor - ## chunk: null
2026-03-08 00:03:24.211 [boundedElastic-3] INFO  com.flora.ai.ecommerce.advisor.CustomStreamLoggerAndMessage2DBAdvisor - ## chunk: null
2026-03-08 00:03:24.300 [boundedElastic-3] INFO  com.flora.ai.ecommerce.advisor.CustomStreamLoggerAndMessage2DBAdvisor - ## chunk: null
2026-03-08 00:03:24.303 [boundedElastic-3] INFO  com.flora.ai.ecommerce.advisor.CustomStreamLoggerAndMessage2DBAdvisor - ## chunk: null
2026-03-08 00:03:24.388 [boundedElastic-3] INFO  com.flora.ai.ecommerce.advisor.CustomStreamLoggerAndMessage2DBAdvisor - ## chunk: null
2026-03-08 00:03:24.429 [boundedElastic-3] INFO  com.flora.ai.ecommerce.advisor.CustomStreamLoggerAndMessage2DBAdvisor - ## chunk: null
